configuration,profile,block,path,operation,repeat,status,error,ckks_max_abs,ckks_invalid,total_max_abs,approximation_max_abs,server_evaluation_seconds,encrypt_seconds,load_and_decrypt_seconds,input_ciphertext_bytes,output_ciphertext_bytes,levels_consumed
preserve_s42_budget_all_n2048_b0,budget,0,source,softmax_row,0,MEASURED,,8.699412289041482e-06,0,0.13636568905180904,0.13637201499153975,51.53227083105594,4.352598886936903,1.0018252041190863,441180786,169855086,12
preserve_s42_budget_all_n2048_b0,budget,0,source,softmax_row,1,MEASURED,,8.670496321120172e-06,0,0.13636562128408108,0.13637201499153975,50.94385786401108,4.247755325399339,0.9993827999569476,441183689,169865146,12
preserve_s42_budget_all_n2048_b0,budget,0,source,gelu,0,MEASURED,,0.00024057166544189101,0,0.633862864400968,0.6338612610748272,1.3054066207259893,0.07467548502609134,0.04795277724042535,6787507,5396684,4
preserve_s42_budget_all_n2048_b0,budget,0,source,gelu,1,MEASURED,,0.00024320860602422556,0,0.6338656758255802,0.6338612610748272,1.2987066181376576,0.06834396393969655,0.04938623774796724,6787316,5396788,4
preserve_s42_budget_all_n2048_b0,budget,0,source,ln_inverse_sqrt,0,MEASURED,,0.0009442560331294203,0,0.06096222293842235,0.0618991649194518,1.2988887769170105,0.06615962414070964,0.048794003669172525,6786823,5395002,4
preserve_s42_budget_all_n2048_b0,budget,0,source,ln_inverse_sqrt,1,MEASURED,,0.0009483039424340589,0,0.060958303580816775,0.0618991649194518,1.2956634149886668,0.06595827592536807,0.04821155499666929,6786369,5396210,4
preserve_s42_budget_all_n2048_b0,budget,0,converted,softmax_row,0,MEASURED,,8.679459037276224e-06,0,0.13203532859411524,0.13203984491258905,50.63385748490691,4.1240952094085515,0.9934188746847212,441186657,169858561,12
preserve_s42_budget_all_n2048_b0,budget,0,converted,softmax_row,1,MEASURED,,8.073770028707399e-06,0,0.1320320818666491,0.13203984491258905,50.644681891892105,4.1654026177711785,0.9979659202508628,441179560,169854363,12
preserve_s42_budget_all_n2048_b0,budget,0,converted,gelu,0,MEASURED,,0.0002788247635949759,0,0.6338589887417726,0.633859617152835,1.3074875506572425,0.07343297405168414,0.05152399931102991,6786882,5396010,4
preserve_s42_budget_all_n2048_b0,budget,0,converted,gelu,1,MEASURED,,0.00028002123507597787,0,0.6338660895075456,0.633859617152835,1.2945227599702775,0.07136255921795964,0.04831855604425073,6787436,5395780,4
preserve_s42_budget_all_n2048_b0,budget,0,converted,ln_inverse_sqrt,0,MEASURED,,0.0009469528114625092,0,0.060961315271611305,0.0618991649194518,1.2983191893436015,0.0659811687655747,0.04854433098807931,6786864,5396566,4
preserve_s42_budget_all_n2048_b0,budget,0,converted,ln_inverse_sqrt,1,MEASURED,,0.0009505952870387802,0,0.060959322539575034,0.0618991649194518,1.2977074929513037,0.06618729932233691,0.048087484668940306,6788676,5395329,4
preserve_s42_budget_all_n2048_b5,budget,5,source,softmax_row,0,MEASURED,,0.00012269098928116562,0,0.05558397834630856,0.05564014547670917,50.6941597298719,4.285373318940401,0.9865367752499878,441179464,169855909,12
preserve_s42_budget_all_n2048_b5,budget,5,source,softmax_row,1,MEASURED,,0.00012317280803751662,0,0.055585297278631894,0.05564014547670917,50.64031337108463,5.153857737779617,0.9900134080089629,441184742,169859797,12
preserve_s42_budget_all_n2048_b5,budget,5,source,gelu,0,MEASURED,,0.00025127513742084773,0,0.24792796713194767,0.24789370505287578,1.3214991739951074,0.08885528100654483,0.047590428963303566,6787605,5395758,4
preserve_s42_budget_all_n2048_b5,budget,5,source,gelu,1,MEASURED,,0.00024732197649068866,0,0.24792591228421315,0.24789370505287578,1.3134453482925892,0.08531624032184482,0.04853405570611358,6787469,5395614,4
preserve_s42_budget_all_n2048_b5,budget,5,source,ln_inverse_sqrt,0,MEASURED,,0.0001738718326459998,0,0.06005079226324084,0.05989694530985218,1.2969571561552584,0.08383955992758274,0.04777015885338187,6787526,5395711,4
preserve_s42_budget_all_n2048_b5,budget,5,source,ln_inverse_sqrt,1,MEASURED,,0.00017400287004859516,0,0.06005216180832723,0.05989694530985218,1.296188454143703,0.08249201299622655,0.048024937976151705,6786320,5395561,4
preserve_s42_budget_all_n2048_b5,budget,5,converted,softmax_row,,INVALID_PLAINTEXT_INPUT_OR_TARGET,,,,,0.006338992881566273,,,,,,
preserve_s42_budget_all_n2048_b5,budget,5,converted,gelu,,INVALID_PLAINTEXT_INPUT_OR_TARGET,,,,,0.24789320000294066,,,,,,
preserve_s42_budget_all_n2048_b5,budget,5,converted,ln_inverse_sqrt,,INVALID_PLAINTEXT_INPUT_OR_TARGET,,,,,0.045829148885151216,,,,,,
preserve_s42_accurate_all_n2048_b0,accurate,0,source,softmax_row,0,MEASURED,,1.218553246366133e-05,0,0.07759127199156796,0.07760345752403161,95.18102675396949,4.217611338943243,0.5397885949350893,497176791,111257235,15
preserve_s42_accurate_all_n2048_b0,accurate,0,source,softmax_row,1,MEASURED,,1.1724293988449319e-05,0,0.07759173323004316,0.07760345752403161,94.74614323116839,4.100823322311044,0.5353098353371024,497181350,111258023,15
preserve_s42_accurate_all_n2048_b0,accurate,0,source,gelu,0,MEASURED,,6.424633989382533e-05,0,0.20378192676615292,0.20376845475977007,3.2481493381783366,0.08737962087616324,0.04873353894799948,7649783,5669213,5
preserve_s42_accurate_all_n2048_b0,accurate,0,source,gelu,1,MEASURED,,6.209310330268503e-05,0,0.2037740434834316,0.20376845475977007,3.218874702695757,0.08378346776589751,0.04709722474217415,7648538,5669148,5
preserve_s42_accurate_all_n2048_b0,accurate,0,source,ln_inverse_sqrt,0,MEASURED,,9.514104388319566e-05,0,1.687617105172734e-05,0.00011113166221754511,3.2153936941176653,0.08186062797904015,0.047465906012803316,7649375,5669428,5
preserve_s42_accurate_all_n2048_b0,accurate,0,source,ln_inverse_sqrt,1,MEASURED,,9.591264112351894e-05,0,1.729408493478246e-05,0.00011113166221754511,3.217548403888941,0.08164409874007106,0.0474446308799088,7648757,5669114,5
preserve_s42_accurate_all_n2048_b0,accurate,0,converted,softmax_row,0,MEASURED,,1.22667732516471e-05,0,0.0775949295603384,0.07760719633359003,95.81758924107999,4.539558393415064,0.5361045142635703,497176775,111248630,15
preserve_s42_accurate_all_n2048_b0,accurate,0,converted,softmax_row,1,MEASURED,,1.2432141996129853e-05,0,0.07759476419159392,0.07760719633359003,95.41038855910301,4.088722190819681,0.5291690388694406,497184470,111255692,15
preserve_s42_accurate_all_n2048_b0,accurate,0,converted,gelu,0,MEASURED,,6.970747231892227e-05,0,0.2037739031667534,0.2037690308693874,3.2109278179705143,0.07106254901736975,0.047670669388026,7648670,5669299,5
preserve_s42_accurate_all_n2048_b0,accurate,0,converted,gelu,1,MEASURED,,8.507511728694794e-05,0,0.20377593862833132,0.2037690308693874,3.2331991931423545,0.06883048173040152,0.04657715605571866,7649389,5670145,5
preserve_s42_accurate_all_n2048_b0,accurate,0,converted,ln_inverse_sqrt,0,MEASURED,,9.49482733529905e-05,0,1.766676232595188e-05,0.00011113166221754511,3.2273165760561824,0.06472584092989564,0.048044499941170216,7648547,5669482,5
preserve_s42_accurate_all_n2048_b0,accurate,0,converted,ln_inverse_sqrt,1,MEASURED,,9.511508135862101e-05,0,1.699976549307536e-05,0.00011113166221754511,3.193661660887301,0.08277131896466017,0.0468915281817317,7648678,5670151,5
preserve_s42_accurate_all_n2048_b5,accurate,5,source,softmax_row,0,MEASURED,,1.0606072216812201e-05,0,0.0013200771278692736,0.0013306832000860858,94.75124207371846,4.193547661881894,0.538766304962337,497179578,111254944,15
preserve_s42_accurate_all_n2048_b5,accurate,5,source,softmax_row,1,MEASURED,,1.0584076079969695e-05,0,0.001320099124006116,0.0013306832000860858,94.72973790531978,4.073906205128878,0.5361777408979833,497180309,111251866,15
preserve_s42_accurate_all_n2048_b5,accurate,5,source,gelu,0,MEASURED,,6.92330622493742e-05,0,0.04561529252562789,0.045609172363533845,3.1989126289263368,0.08824038039892912,0.04880812391638756,7648659,5669081,5
preserve_s42_accurate_all_n2048_b5,accurate,5,source,gelu,1,MEASURED,,6.955759191207278e-05,0,0.04561517489538987,0.045609172363533845,3.200525986030698,0.06814242992550135,0.04768673283979297,7648795,5669431,5
preserve_s42_accurate_all_n2048_b5,accurate,5,source,ln_inverse_sqrt,0,MEASURED,,0.0005947367357779787,0,0.00741346473488691,0.008008201470664889,3.1919947443529963,0.06606509629637003,0.04798432579264045,7649680,5669880,5
preserve_s42_accurate_all_n2048_b5,accurate,5,source,ln_inverse_sqrt,1,MEASURED,,0.0006016373858409585,0,0.00740656408482393,0.008008201470664889,3.1920562819577754,0.06717932503670454,0.04797952529042959,7649397,5670072,5
preserve_s42_accurate_all_n2048_b5,accurate,5,converted,softmax_row,0,MEASURED,,9.736979902474907e-06,0,0.001498431625388194,0.001507007041150088,94.9835956566967,4.065941383130848,0.5373219521716237,497177241,111259964,15
preserve_s42_accurate_all_n2048_b5,accurate,5,converted,softmax_row,1,MEASURED,,1.0067624650264562e-05,0,0.0014985625011614129,0.001507007041150088,95.3996657570824,4.345993421040475,0.5363500998355448,497178010,111252234,15
preserve_s42_accurate_all_n2048_b5,accurate,5,converted,gelu,0,MEASURED,,3.69913067629693e-05,0,0.04561817276733582,0.045609211914452635,3.224190331995487,0.07411513105034828,0.04736007237806916,7648695,5669735,5
preserve_s42_accurate_all_n2048_b5,accurate,5,converted,gelu,1,MEASURED,,5.957714105751799e-05,0,0.04561636720371959,0.045609211914452635,3.2257658378221095,0.0735348709858954,0.047223439905792475,7648910,5669899,5
preserve_s42_accurate_all_n2048_b5,accurate,5,converted,ln_inverse_sqrt,0,MEASURED,,0.0006349384785042655,0,0.016443098871405215,0.01707803734990948,3.237029004842043,0.07074113469570875,0.04827995505183935,7648443,5669614,5
preserve_s42_accurate_all_n2048_b5,accurate,5,converted,ln_inverse_sqrt,1,MEASURED,,0.0006425836861700396,0,0.01643545366373944,0.01707803734990948,3.2338469959795475,0.0709766629152,0.04758781101554632,7648470,5669575,5
preserve_s43_budget_all_n2048_b0,budget,0,source,softmax_row,0,MEASURED,,0.00013389328759455532,0,0.08023958570437173,0.08026369798274159,50.91562904091552,4.123978570103645,0.9949067062698305,441184136,169860098,12
preserve_s43_budget_all_n2048_b0,budget,0,source,softmax_row,1,MEASURED,,0.00013426334932149786,0,0.08023961691665998,0.08026369798274159,50.85450900485739,5.009208550211042,0.9897119202651083,441184702,169854730,12
preserve_s43_budget_all_n2048_b0,budget,0,source,gelu,0,MEASURED,,0.0002069427870177165,0,0.6375384081935095,0.637533989513258,1.3319710339419544,0.09262588201090693,0.0469480911269784,6787605,5396064,4
preserve_s43_budget_all_n2048_b0,budget,0,source,gelu,1,MEASURED,,0.00021470533205825149,0,0.6375367059785427,0.637533989513258,1.3189824377186596,0.08966444479301572,0.04855302209034562,6787988,5396361,4
preserve_s43_budget_all_n2048_b0,budget,0,source,ln_inverse_sqrt,0,MEASURED,,0.0007981563450574214,0,0.03917304095007079,0.039959120843372276,1.3044126313179731,0.08723910432308912,0.049062398727983236,6786879,5395817,4
preserve_s43_budget_all_n2048_b0,budget,0,source,ln_inverse_sqrt,1,MEASURED,,0.0007915896729704386,0,0.039170782279948746,0.039959120843372276,1.3219664366915822,0.08794344263151288,0.04889364913105965,6787365,5396373,4
preserve_s43_budget_all_n2048_b0,budget,0,converted,softmax_row,0,MEASURED,,0.00012961934578196999,0,0.07650355796936117,0.07652553590295047,51.998527463991195,5.45314798085019,0.9884410100057721,441182774,169861545,12
preserve_s43_budget_all_n2048_b0,budget,0,converted,softmax_row,1,MEASURED,,0.00013082387924531758,0,0.07650380879696449,0.07652553590295047,51.68085578503087,5.43873994005844,0.9854708979837596,441184038,169866992,12
preserve_s43_budget_all_n2048_b0,budget,0,converted,gelu,0,MEASURED,,0.0002830894411083307,0,0.6375319621353771,0.6375338364443072,1.320437217131257,0.09044822305440903,0.04892928712069988,6787216,5395481,4
preserve_s43_budget_all_n2048_b0,budget,0,converted,gelu,1,MEASURED,,0.00028970645810133533,0,0.6375318359125356,0.6375338364443072,1.3232989478856325,0.08942443924024701,0.04839241784065962,6786622,5396067,4
preserve_s43_budget_all_n2048_b0,budget,0,converted,ln_inverse_sqrt,0,MEASURED,,0.0007972419092041605,0,0.03917169777841423,0.039959120843372276,1.3229285809211433,0.0874171070754528,0.04826005967333913,6788617,5396026,4
preserve_s43_budget_all_n2048_b0,budget,0,converted,ln_inverse_sqrt,1,MEASURED,,0.0007963427610677698,0,0.03917253022363543,0.039959120843372276,1.3052094550803304,0.08707995107397437,0.04816065123304725,6787560,5396027,4
preserve_s43_budget_all_n2048_b5,budget,5,source,softmax_row,0,MEASURED,,0.00011715601844550227,0,0.2153905088970165,0.21544602683079783,50.681443081237376,4.415436596143991,0.9950992129743099,441189987,169858686,12
preserve_s43_budget_all_n2048_b5,budget,5,source,softmax_row,1,MEASURED,,0.00011734955666201086,0,0.215391983220845,0.21544602683079783,51.69194927532226,4.133919440209866,0.9874797579832375,441179600,169862907,12
preserve_s43_budget_all_n2048_b5,budget,5,source,gelu,0,MEASURED,,0.00024130348735162954,0,0.28535621538884853,0.2853354030999675,1.3266554027795792,0.09275463782250881,0.04861857928335667,6788199,5395182,4
preserve_s43_budget_all_n2048_b5,budget,5,source,gelu,1,MEASURED,,0.00024064487673225443,0,0.28535420312706894,0.2853354030999675,1.3015537988394499,0.07263608975335956,0.0478609399870038,6787229,5396036,4
preserve_s43_budget_all_n2048_b5,budget,5,source,ln_inverse_sqrt,0,MEASURED,,0.00013476099061288105,0,0.03872665101912298,0.0385918900285101,1.322948444634676,0.07088925503194332,0.04761947691440582,6788683,5395447,4
preserve_s43_budget_all_n2048_b5,budget,5,source,ln_inverse_sqrt,1,MEASURED,,0.00013518115410054987,0,0.03872707118261065,0.0385918900285101,1.3024480687454343,0.07143510086461902,0.04827242810279131,6787061,5394658,4
preserve_s43_budget_all_n2048_b5,budget,5,converted,softmax_row,,INVALID_PLAINTEXT_INPUT_OR_TARGET,,,,,0.03168188095874766,,,,,,
preserve_s43_budget_all_n2048_b5,budget,5,converted,gelu,,INVALID_PLAINTEXT_INPUT_OR_TARGET,,,,,0.28533444271818137,,,,,,
preserve_s43_budget_all_n2048_b5,budget,5,converted,ln_inverse_sqrt,,INVALID_PLAINTEXT_INPUT_OR_TARGET,,,,,0.004373686343920019,,,,,,
preserve_s43_accurate_all_n2048_b0,accurate,0,source,softmax_row,0,MEASURED,,1.2286773228648018e-05,0,0.02215381796354081,0.022166104736769457,94.79694299260154,4.124291376210749,0.5375404241494834,497176640,111258208,15
preserve_s43_accurate_all_n2048_b0,accurate,0,source,softmax_row,1,MEASURED,,1.2218228139168619e-05,0,0.02215388650863029,0.022166104736769457,95.30989569379017,4.0873098857700825,0.5340947955846786,497177164,111254452,15
preserve_s43_accurate_all_n2048_b0,accurate,0,source,gelu,0,MEASURED,,0.00010367785621537284,0,0.2042623572724259,0.20426031352270957,3.2207032279111445,0.07729200273752213,0.047774604987353086,7649413,5669517,5
preserve_s43_accurate_all_n2048_b0,accurate,0,source,gelu,1,MEASURED,,6.500384958826877e-05,0,0.20425963239042053,0.20426031352270957,3.231698458082974,0.08936635218560696,0.04657134506851435,7648774,5669971,5
preserve_s43_accurate_all_n2048_b0,accurate,0,source,ln_inverse_sqrt,0,MEASURED,,2.0482818227307575e-05,0,0.00025156246770308144,0.00027120476415731787,3.2363469302654266,0.0871215951628983,0.047646021004766226,7648551,5670288,5
preserve_s43_accurate_all_n2048_b0,accurate,0,source,ln_inverse_sqrt,1,MEASURED,,2.0871611750905572e-05,0,0.00025056716287874536,0.00027120476415731787,3.233803086914122,0.08719271887093782,0.04710738081485033,7648611,5669733,5
preserve_s43_accurate_all_n2048_b0,accurate,0,converted,softmax_row,0,MEASURED,,1.2283136416629814e-05,0,0.022103200404064563,0.022115483540481193,96.58482663193718,5.4412260870449245,0.5429974920116365,497175105,111256262,15
preserve_s43_accurate_all_n2048_b0,accurate,0,converted,softmax_row,1,MEASURED,,1.221722595796948e-05,0,0.022103266314523223,0.022115483540481193,96.49046938726678,5.445373638998717,0.5341646540910006,497182943,111253455,15
preserve_s43_accurate_all_n2048_b0,accurate,0,converted,gelu,0,MEASURED,,8.866980657978862e-05,0,0.20426030019719946,0.20425731442277142,3.2369503271766007,0.09237758070230484,0.04730912297964096,7649293,5669229,5
preserve_s43_accurate_all_n2048_b0,accurate,0,converted,gelu,1,MEASURED,,8.459238964896032e-05,0,0.2042617412809867,0.20425731442277142,3.230487685184926,0.0898191467858851,0.046945341397076845,7648945,5670142,5
preserve_s43_accurate_all_n2048_b0,accurate,0,converted,ln_inverse_sqrt,0,MEASURED,,2.1084525175574242e-05,0,0.00025112496257051475,0.00027120476415731787,3.237037428189069,0.08916030172258615,0.047885841224342585,7649295,5670182,5
preserve_s43_accurate_all_n2048_b0,accurate,0,converted,ln_inverse_sqrt,1,MEASURED,,2.0577365622997945e-05,0,0.0002516063425375137,0.00027120476415731787,3.2328688940033317,0.08723462512716651,0.047774726059287786,7649147,5670499,5
preserve_s43_accurate_all_n2048_b5,accurate,5,source,softmax_row,0,MEASURED,,3.251899652934043e-05,0,0.06764170811007103,0.06767396942676274,94.82080573402345,4.282509170006961,0.5371606941334903,497176546,111249018,15
preserve_s43_accurate_all_n2048_b5,accurate,5,source,softmax_row,1,MEASURED,,3.2505376254182705e-05,0,0.06764156327065338,0.06767396942676274,95.44124340312555,4.190355009865016,0.5345374960452318,497181915,111253255,15
preserve_s43_accurate_all_n2048_b5,accurate,5,source,gelu,0,MEASURED,,0.00013527730628482004,0,0.04320657626591637,0.04320234002812487,3.221754448954016,0.07539441203698516,0.04828937305137515,7649293,5668270,5
preserve_s43_accurate_all_n2048_b5,accurate,5,source,gelu,1,MEASURED,,0.00013618390381786583,0,0.04320981364392355,0.04320234002812487,3.2209371221251786,0.07735536387190223,0.047078208066523075,7648671,5669855,5
preserve_s43_accurate_all_n2048_b5,accurate,5,source,ln_inverse_sqrt,0,MEASURED,,0.00023591319623544882,0,0.005172994863220093,0.0049811888065785515,3.221233202610165,0.07522092433646321,0.04796851798892021,7649391,5669098,5
preserve_s43_accurate_all_n2048_b5,accurate,5,source,ln_inverse_sqrt,1,MEASURED,,0.00023606540320014746,0,0.0051733220406620095,0.0049811888065785515,3.2159012579359114,0.08817309606820345,0.047906373627483845,7649069,5669636,5
preserve_s43_accurate_all_n2048_b5,accurate,5,converted,softmax_row,0,MEASURED,,1.6725587979632417e-05,0,0.03804046262097111,0.03804928544749618,95.66048545157537,4.61911010928452,0.5322215091437101,497178137,111250645,15
preserve_s43_accurate_all_n2048_b5,accurate,5,converted,softmax_row,1,MEASURED,,1.675923604145535e-05,0,0.038040390159008765,0.03804928544749618,96.14173787925392,5.188878104090691,0.5283624329604208,497180755,111255720,15
preserve_s43_accurate_all_n2048_b5,accurate,5,converted,gelu,0,MEASURED,,5.5764248900136426e-05,0,0.04320673611096057,0.043202330742061215,3.2403434086591005,0.09228161908686161,0.04793613776564598,7649226,5670365,5
preserve_s43_accurate_all_n2048_b5,accurate,5,converted,gelu,1,MEASURED,,5.099077844730737e-05,0,0.043209914325499456,0.043202330742061215,3.239089548122138,0.09037331957370043,0.04674497712403536,7648860,5669216,5
preserve_s43_accurate_all_n2048_b5,accurate,5,converted,ln_inverse_sqrt,0,MEASURED,,0.00027634979890189815,0,0.005821110093497561,0.006097459892399459,3.2390138623304665,0.08693014970049262,0.04716105293482542,7649144,5669088,5
preserve_s43_accurate_all_n2048_b5,accurate,5,converted,ln_inverse_sqrt,1,MEASURED,,0.00027598600402273243,0,0.005821473888376727,0.006097459892399459,3.2407142370939255,0.08806841680780053,0.047422104049474,7648921,5670045,5
preserve_s44_budget_all_n2048_b0,budget,0,source,softmax_row,0,MEASURED,,7.154001249514048e-06,0,0.048473649216193994,0.04847946933994164,51.15802098298445,4.294362519867718,0.9835653910413384,441182818,169860434,12
preserve_s44_budget_all_n2048_b0,budget,0,source,softmax_row,1,MEASURED,,8.878221159266172e-06,0,0.04847833059113319,0.04847946933994164,50.750660901889205,4.382952616084367,0.9891383382491767,441174555,169863096,12
preserve_s44_budget_all_n2048_b0,budget,0,source,gelu,0,MEASURED,,0.0002175108851929508,0,0.6867147334702052,0.6867139882412069,1.3050972716882825,0.07674096571281552,0.04748142883181572,6788694,5395729,4
preserve_s44_budget_all_n2048_b0,budget,0,source,gelu,1,MEASURED,,0.00021597715604748657,0,0.6867134226092246,0.6867139882412069,1.3048901190049946,0.07320143887773156,0.04804546991363168,6787668,5397112,4
preserve_s44_budget_all_n2048_b0,budget,0,source,ln_inverse_sqrt,0,MEASURED,,0.0009371123118260272,0,0.05897030190087893,0.05988702992175021,1.301966856699437,0.07042765617370605,0.04791435273364186,6787493,5395990,4
preserve_s44_budget_all_n2048_b0,budget,0,source,ln_inverse_sqrt,1,MEASURED,,0.000938996302115136,0,0.05896828833310064,0.05988702992175021,1.2975410176441073,0.07082898123189807,0.04883110662922263,6788711,5396522,4
preserve_s44_budget_all_n2048_b0,budget,0,converted,softmax_row,0,MEASURED,,6.9648485549367485e-06,0,0.04614207188890776,0.046144449914753166,50.72416795277968,4.373116268776357,0.981906452216208,441188141,169858609,12
preserve_s44_budget_all_n2048_b0,budget,0,converted,softmax_row,1,MEASURED,,7.3774938141057435e-06,0,0.04613764541923313,0.046144449914753166,51.80436387518421,5.448815688025206,0.99420231487602,441183312,169858815,12
preserve_s44_budget_all_n2048_b0,budget,0,converted,gelu,0,MEASURED,,0.0002666551915080362,0,0.6867021503770402,0.6867101048157683,1.3184267738834023,0.09300486417487264,0.04762679571285844,6786804,5396627,4
preserve_s44_budget_all_n2048_b0,budget,0,converted,gelu,1,MEASURED,,0.0002624188345770051,0,0.686706588493767,0.6867101048157683,1.3249620869755745,0.08954224176704884,0.0478628920391202,6787673,5396402,4
preserve_s44_budget_all_n2048_b0,budget,0,converted,ln_inverse_sqrt,0,MEASURED,,0.0009382538728575085,0,0.05896573796228921,0.05988702992175021,1.3148345770314336,0.08768240408971906,0.04749783268198371,6787366,5395609,4
preserve_s44_budget_all_n2048_b0,budget,0,converted,ln_inverse_sqrt,1,MEASURED,,0.0009260687996883732,0,0.058970062106184606,0.05988702992175021,1.3111068499274552,0.08712098700925708,0.047468872275203466,6786928,5396316,4
preserve_s44_budget_all_n2048_b5,budget,5,source,softmax_row,0,MEASURED,,5.03335046652259e-05,0,0.0701837677313999,0.07023044300905423,50.860542663838714,4.235579259693623,0.9883894389495254,441181094,169854724,12
preserve_s44_budget_all_n2048_b5,budget,5,source,softmax_row,1,MEASURED,,5.2669656434599366e-05,0,0.07017777335261964,0.07023044300905423,50.4751209449023,4.080560963135213,0.9864405100233853,441175042,169852679,12
preserve_s44_budget_all_n2048_b5,budget,5,source,gelu,0,MEASURED,,0.00023918395555089234,0,0.2981498652991177,0.2981306498144642,1.2971661249175668,0.07200477086007595,0.048789629712700844,6787009,5395592,4
preserve_s44_budget_all_n2048_b5,budget,5,source,gelu,1,MEASURED,,0.00023739944001377467,0,0.298152765390676,0.2981306498144642,1.307999602984637,0.08520086295902729,0.04809585213661194,6788330,5395581,4
preserve_s44_budget_all_n2048_b5,budget,5,source,ln_inverse_sqrt,0,MEASURED,,0.00018892502732981153,0,0.06972319990863884,0.06956253682751579,1.3128849128261209,0.08288034005090594,0.04877092968672514,6787452,5395715,4
preserve_s44_budget_all_n2048_b5,budget,5,source,ln_inverse_sqrt,1,MEASURED,,0.0001894341790863452,0,0.06972290895563926,0.06956253682751579,1.2905693799257278,0.06676712399348617,0.04793383786454797,6786985,5395931,4
preserve_s44_budget_all_n2048_b5,budget,5,converted,softmax_row,,INVALID_PLAINTEXT_INPUT_OR_TARGET,,,,,0.04331479540659895,,,,,,
preserve_s44_budget_all_n2048_b5,budget,5,converted,gelu,,INVALID_PLAINTEXT_INPUT_OR_TARGET,,,,,0.2981306938129065,,,,,,
preserve_s44_budget_all_n2048_b5,budget,5,converted,ln_inverse_sqrt,,INVALID_PLAINTEXT_INPUT_OR_TARGET,,,,,0.07009106233526191,,,,,,
preserve_s44_accurate_all_n2048_b0,accurate,0,source,softmax_row,0,MEASURED,,4.99105392946092e-06,0,0.02417036437580282,0.02417535542973228,94.72935178503394,4.241199046839029,0.5411747479811311,497172260,111252678,15
preserve_s44_accurate_all_n2048_b0,accurate,0,source,softmax_row,1,MEASURED,,5.023963182915203e-06,0,0.024170331466549365,0.02417535542973228,95.54220094205812,4.199994432274252,0.5374259441159666,497181118,111258634,15
preserve_s44_accurate_all_n2048_b0,accurate,0,source,gelu,0,MEASURED,,7.657845653760709e-05,0,0.23066216719584307,0.23065167209394213,3.2378940251655877,0.09271531878039241,0.047693803906440735,7649183,5670408,5
preserve_s44_accurate_all_n2048_b0,accurate,0,source,gelu,1,MEASURED,,9.720503510995959e-05,0,0.23066513380601186,0.23065167209394213,3.2132190950214863,0.07220088178291917,0.04667108505964279,7649338,5669552,5
preserve_s44_accurate_all_n2048_b0,accurate,0,source,ln_inverse_sqrt,0,MEASURED,,8.873334976300384e-05,0,3.993634678778335e-05,0.00012790981222643438,3.231249907054007,0.0698643708601594,0.04735453799366951,7648578,5670225,5
preserve_s44_accurate_all_n2048_b0,accurate,0,source,ln_inverse_sqrt,1,MEASURED,,8.85841379050234e-05,0,3.98926061002669e-05,0.00012790981222643438,3.2315500993281603,0.08649778505787253,0.047471442725509405,7648925,5670309,5
preserve_s44_accurate_all_n2048_b0,accurate,0,converted,softmax_row,0,MEASURED,,4.980508790285859e-06,0,0.024200110378603475,0.02420509088739376,95.70616475725546,5.320132608991116,0.5384797123260796,497183864,111257550,15
preserve_s44_accurate_all_n2048_b0,accurate,0,converted,softmax_row,1,MEASURED,,5.028683980411175e-06,0,0.02420006220341335,0.02420509088739376,95.97257379209623,5.091382467187941,0.5395632847212255,497175229,111256737,15
preserve_s44_accurate_all_n2048_b0,accurate,0,converted,gelu,0,MEASURED,,7.356797447650998e-05,0,0.2306653408031902,0.23065579600997707,3.2405346920713782,0.09237067494541407,0.049123422242701054,7649020,5670423,5
preserve_s44_accurate_all_n2048_b0,accurate,0,converted,gelu,1,MEASURED,,7.973540623579245e-05,0,0.2306504435851297,0.23065579600997707,3.234132701996714,0.08855316042900085,0.0468949219211936,7648288,5669353,5
preserve_s44_accurate_all_n2048_b0,accurate,0,converted,ln_inverse_sqrt,0,MEASURED,,8.86985890478087e-05,0,4.07303820262328e-05,0.00012790981222643438,3.214650779031217,0.08692464092746377,0.04865085193887353,7649600,5669558,5
preserve_s44_accurate_all_n2048_b0,accurate,0,converted,ln_inverse_sqrt,1,MEASURED,,8.848165878294623e-05,0,4.012831864663724e-05,0.00012790981222643438,3.2346838139928877,0.07001451402902603,0.047457125037908554,7649198,5669373,5
preserve_s44_accurate_all_n2048_b5,accurate,5,source,softmax_row,0,MEASURED,,1.333840166191369e-05,0,0.006517016540791135,0.006530354942453048,94.6813080040738,4.20056411717087,0.5409842729568481,497188801,111256408,15
preserve_s44_accurate_all_n2048_b5,accurate,5,source,softmax_row,1,MEASURED,,1.3392286277350007e-05,0,0.006516962656175698,0.006530354942453048,95.50814485829324,4.626878077629954,0.5362010849639773,497174939,111257831,15
preserve_s44_accurate_all_n2048_b5,accurate,5,source,gelu,0,MEASURED,,0.000163409287818439,0,0.044838490802216545,0.04483204824693857,3.2242127899080515,0.07685965625569224,0.04734665900468826,7648867,5669490,5
preserve_s44_accurate_all_n2048_b5,accurate,5,source,gelu,1,MEASURED,,0.00017001118505621804,0,0.044834856933589635,0.04483204824693857,3.248471145052463,0.0897360760718584,0.04781807214021683,7648311,5670169,5
preserve_s44_accurate_all_n2048_b5,accurate,5,source,ln_inverse_sqrt,0,MEASURED,,0.0009062885995035352,0,0.027519245786449598,0.028425534385953133,3.2646888941526413,0.08761897077783942,0.04750987235456705,7649233,5669339,5
preserve_s44_accurate_all_n2048_b5,accurate,5,source,ln_inverse_sqrt,1,MEASURED,,0.0009113263567521734,0,0.02751420802920096,0.028425534385953133,3.23285615677014,0.08701460994780064,0.047444889321923256,7648704,5669863,5
preserve_s44_accurate_all_n2048_b5,accurate,5,converted,softmax_row,0,MEASURED,,1.1028541646210255e-05,0,0.005154425764137896,0.005163510198005747,96.52051718300208,5.450368974823505,0.5325298798270524,497181711,111258300,15
preserve_s44_accurate_all_n2048_b5,accurate,5,converted,softmax_row,1,MEASURED,,1.110234408545352e-05,0,0.005154396697782185,0.005163510198005747,96.83701585512608,5.451997687108815,0.5375171871855855,497177003,111255312,15
preserve_s44_accurate_all_n2048_b5,accurate,5,converted,gelu,0,MEASURED,,0.00018351160923694987,0,0.04483503482655651,0.04483193243053933,3.2368126581422985,0.09317362820729613,0.047388806007802486,7648961,5669588,5
preserve_s44_accurate_all_n2048_b5,accurate,5,converted,gelu,1,MEASURED,,0.00017510830985615136,0,0.044838892720980635,0.04483193243053933,3.2341030361130834,0.09040762204676867,0.04681062465533614,7648728,5669601,5
preserve_s44_accurate_all_n2048_b5,accurate,5,converted,ln_inverse_sqrt,0,MEASURED,,0.0009580686582212339,0,0.029402454064620998,0.030318976946779597,3.234653183724731,0.08712496142834425,0.047202161978930235,7649224,5669936,5
preserve_s44_accurate_all_n2048_b5,accurate,5,converted,ln_inverse_sqrt,1,MEASURED,,0.0009576244509191256,0,0.029404733116905224,0.030318976946779597,3.2316359761171043,0.08717712992802262,0.04716961504891515,7648576,5670436,5
