configuration,seed,profile,mask,fit_n,split,n,reference_accuracy,converted_accuracy,invalid,failure_count,prediction_flips,correct_to_wrong,static_review,calibration_failure_rate,range_accepted,range_accepted_risk,precision_extra_true_positive,centered_logit_gt_point1_finite
preserve_s42_accurate_all_n128,42,accurate,all,128,clean,10000,86.17,77.64,98,9966,1775,1111,True,0.9951171875,0.9732,0.9965063707357172,0,9862
preserve_s42_accurate_all_n128,42,accurate,all,128,noise,1000,82.3,72.2,4,992,208,129,True,0.9951171875,0.983,0.9918616480162767,0,989
preserve_s42_accurate_all_n128,42,accurate,all,128,brightness,1000,85.39999999999999,70.39999999999999,9,999,256,180,True,0.9951171875,0.959,0.9989572471324296,0,991
preserve_s42_accurate_all_n2048,42,accurate,all,2048,clean,10000,86.17,70.91,11,10000,2666,1883,True,1.0,0.9957,1.0,2,9988
preserve_s42_accurate_all_n2048,42,accurate,all,2048,noise,1000,82.3,64.3,0,1000,310,218,True,1.0,0.998,1.0,0,1000
preserve_s42_accurate_all_n2048,42,accurate,all,2048,brightness,1000,85.39999999999999,62.9,0,999,354,259,True,1.0,1.0,0.999,0,999
preserve_s42_accurate_attention_n2048,42,accurate,attention,2048,clean,10000,86.17,79.03999999999999,1,9938,1772,1091,True,0.99462890625,0.9919,0.993850186510737,0,9927
preserve_s42_accurate_attention_n2048,42,accurate,attention,2048,noise,1000,82.3,76.1,0,998,208,111,True,0.99462890625,0.997,0.9979939819458375,0,994
preserve_s42_accurate_attention_n2048,42,accurate,attention,2048,brightness,1000,85.39999999999999,75.1,0,996,223,146,True,0.99462890625,0.997,0.995987963891675,0,996
preserve_s42_accurate_gelu_n2048,42,accurate,gelu,2048,clean,10000,86.17,78.11,0,9876,1660,1074,True,0.98681640625,1.0,0.9876,0,9862
preserve_s42_accurate_gelu_n2048,42,accurate,gelu,2048,noise,1000,82.3,69.6,0,984,205,144,True,0.98681640625,1.0,0.984,0,982
preserve_s42_accurate_gelu_n2048,42,accurate,gelu,2048,brightness,1000,85.39999999999999,70.5,0,992,262,184,True,0.98681640625,1.0,0.992,0,990
preserve_s42_accurate_norm_n2048,42,accurate,norm,2048,clean,10000,86.17,85.96000000000001,10,7668,71,32,True,0.7431640625,0.9976,0.7666399358460305,2,7738
preserve_s42_accurate_norm_n2048,42,accurate,norm,2048,noise,1000,82.3,82.39999999999999,0,782,12,5,True,0.7431640625,0.999,0.7817817817817818,0,798
preserve_s42_accurate_norm_n2048,42,accurate,norm,2048,brightness,1000,85.39999999999999,85.3,0,772,5,2,True,0.7431640625,0.997,0.7713139418254764,0,780
preserve_s42_budget_all_n128,42,budget,all,128,clean,10000,86.17,16.79,1182,10000,7110,6123,True,1.0,0.2463,1.0,0,8818
preserve_s42_budget_all_n128,42,budget,all,128,noise,1000,82.3,15.8,101,1000,717,599,True,1.0,0.238,1.0,0,899
preserve_s42_budget_all_n128,42,budget,all,128,brightness,1000,85.39999999999999,13.700000000000001,151,1000,705,596,True,1.0,0.265,1.0,0,849
preserve_s42_budget_all_n2048,42,budget,all,2048,clean,10000,86.17,13.43,1374,10000,7262,6294,True,1.0,0.5019,1.0,0,8626
preserve_s42_budget_all_n2048,42,budget,all,2048,noise,1000,82.3,14.6,132,1000,715,590,True,1.0,0.5,1.0,0,868
preserve_s42_budget_all_n2048,42,budget,all,2048,brightness,1000,85.39999999999999,12.5,180,1000,688,589,True,1.0,0.626,1.0,0,820
preserve_s42_budget_attention_n2048,42,budget,attention,2048,clean,10000,86.17,34.9,0,10000,6428,5435,True,1.0,0.9608,1.0,0,10000
preserve_s42_budget_attention_n2048,42,budget,attention,2048,noise,1000,82.3,32.2,0,1000,664,537,True,1.0,0.973,1.0,0,1000
preserve_s42_budget_attention_n2048,42,budget,attention,2048,brightness,1000,85.39999999999999,29.799999999999997,0,1000,679,578,True,1.0,0.976,1.0,0,1000
preserve_s42_budget_gelu_n2048,42,budget,gelu,2048,clean,10000,86.17,26.93,0,10000,7220,6151,True,1.0,1.0,1.0,0,10000
preserve_s42_budget_gelu_n2048,42,budget,gelu,2048,noise,1000,82.3,25.6,0,1000,697,588,True,1.0,1.0,1.0,0,1000
preserve_s42_budget_gelu_n2048,42,budget,gelu,2048,brightness,1000,85.39999999999999,26.200000000000003,0,1000,738,623,True,1.0,1.0,1.0,0,1000
preserve_s42_budget_norm_n2048,42,budget,norm,2048,clean,10000,86.17,85.79,9,9864,290,127,True,0.98388671875,0.9975,0.9863659147869674,0,9846
preserve_s42_budget_norm_n2048,42,budget,norm,2048,noise,1000,82.3,81.8,0,988,54,21,True,0.98388671875,0.999,0.987987987987988,0,989
preserve_s42_budget_norm_n2048,42,budget,norm,2048,brightness,1000,85.39999999999999,84.0,0,989,39,23,True,0.98388671875,0.995,0.9889447236180905,0,989
preserve_s43_accurate_all_n2048,43,accurate,all,2048,clean,10000,86.33,66.94,12,10000,3076,2280,True,1.0,0.9955,1.0,2,9987
preserve_s43_accurate_all_n2048,43,accurate,all,2048,noise,1000,81.8,60.6,1,1000,354,255,True,1.0,0.994,1.0,0,999
preserve_s43_accurate_all_n2048,43,accurate,all,2048,brightness,1000,85.39999999999999,59.699999999999996,0,1000,383,288,True,1.0,0.999,1.0,1,1000
preserve_s43_accurate_attention_n2048,43,accurate,attention,2048,clean,10000,86.33,78.32000000000001,0,9996,1860,1172,True,1.0,0.9976,0.9995990376904571,0,9992
preserve_s43_accurate_attention_n2048,43,accurate,attention,2048,noise,1000,81.8,74.8,0,1000,216,124,True,1.0,0.997,1.0,0,1000
preserve_s43_accurate_attention_n2048,43,accurate,attention,2048,brightness,1000,85.39999999999999,75.1,0,1000,220,144,True,1.0,0.998,1.0,0,1000
preserve_s43_accurate_gelu_n2048,43,accurate,gelu,2048,clean,10000,86.33,77.06,0,9940,1880,1230,True,0.99365234375,1.0,0.994,0,9925
preserve_s43_accurate_gelu_n2048,43,accurate,gelu,2048,noise,1000,81.8,69.19999999999999,0,991,202,142,True,0.99365234375,1.0,0.991,0,993
preserve_s43_accurate_gelu_n2048,43,accurate,gelu,2048,brightness,1000,85.39999999999999,70.89999999999999,0,998,245,169,True,0.99365234375,1.0,0.998,0,996
preserve_s43_accurate_norm_n2048,43,accurate,norm,2048,clean,10000,86.33,86.28,4,1436,18,9,True,0.1572265625,0.9965,0.14320120421475163,1,1688
preserve_s43_accurate_norm_n2048,43,accurate,norm,2048,noise,1000,81.8,81.8,0,142,0,0,True,0.1572265625,0.999,0.14214214214214213,0,163
preserve_s43_accurate_norm_n2048,43,accurate,norm,2048,brightness,1000,85.39999999999999,85.3,0,137,3,2,True,0.1572265625,0.991,0.13824419778002017,0,156
preserve_s43_budget_all_n2048,43,budget,all,2048,clean,10000,86.33,7.6,3328,10000,5904,5109,True,1.0,0.005,1.0,0,6672
preserve_s43_budget_all_n2048,43,budget,all,2048,noise,1000,81.8,7.000000000000001,332,1000,599,489,True,1.0,0.006,1.0,0,668
preserve_s43_budget_all_n2048,43,budget,all,2048,brightness,1000,85.39999999999999,7.5,256,1000,667,575,True,1.0,0.019,1.0,0,744
preserve_s43_budget_attention_n2048,43,budget,attention,2048,clean,10000,86.33,19.24,0,10000,8064,6976,True,1.0,0.9741,1.0,0,10000
preserve_s43_budget_attention_n2048,43,budget,attention,2048,noise,1000,81.8,15.0,0,1000,823,685,True,1.0,0.983,1.0,0,1000
preserve_s43_budget_attention_n2048,43,budget,attention,2048,brightness,1000,85.39999999999999,16.400000000000002,0,1000,825,712,True,1.0,0.98,1.0,0,1000
preserve_s43_budget_gelu_n2048,43,budget,gelu,2048,clean,10000,86.33,25.55,0,10000,7338,6292,True,1.0,1.0,1.0,0,10000
preserve_s43_budget_gelu_n2048,43,budget,gelu,2048,noise,1000,81.8,24.9,0,1000,707,586,True,1.0,1.0,1.0,0,1000
preserve_s43_budget_gelu_n2048,43,budget,gelu,2048,brightness,1000,85.39999999999999,27.3,0,1000,714,600,True,1.0,1.0,1.0,0,1000
preserve_s43_budget_norm_n2048,43,budget,norm,2048,clean,10000,86.33,86.16,3,9638,250,106,True,0.96044921875,0.9973,0.96380226611852,0,9631
preserve_s43_budget_norm_n2048,43,budget,norm,2048,noise,1000,81.8,81.5,0,973,27,12,True,0.96044921875,0.999,0.972972972972973,0,975
preserve_s43_budget_norm_n2048,43,budget,norm,2048,brightness,1000,85.39999999999999,85.1,0,976,30,13,True,0.96044921875,0.996,0.9759036144578314,0,974
preserve_s44_accurate_all_n2048,44,accurate,all,2048,clean,10000,86.32,70.78,5,10000,2685,1906,True,1.0,0.9922,1.0,4,9995
preserve_s44_accurate_all_n2048,44,accurate,all,2048,noise,1000,81.69999999999999,65.3,0,1000,278,193,True,1.0,0.991,1.0,1,1000
preserve_s44_accurate_all_n2048,44,accurate,all,2048,brightness,1000,85.3,63.6,0,1000,353,254,True,1.0,0.983,1.0,2,1000
preserve_s44_accurate_attention_n2048,44,accurate,attention,2048,clean,10000,86.32,81.83,0,9837,1383,798,True,0.98486328125,0.9973,0.9836558708512985,0,9803
preserve_s44_accurate_attention_n2048,44,accurate,attention,2048,noise,1000,81.69999999999999,77.3,0,995,175,91,True,0.98486328125,0.997,0.9949849548645938,0,992
preserve_s44_accurate_attention_n2048,44,accurate,attention,2048,brightness,1000,85.3,77.60000000000001,0,991,185,118,True,0.98486328125,0.996,0.9909638554216867,0,988
preserve_s44_accurate_gelu_n2048,44,accurate,gelu,2048,clean,10000,86.32,72.43,0,9943,2398,1673,True,0.9931640625,1.0,0.9943,0,9940
preserve_s44_accurate_gelu_n2048,44,accurate,gelu,2048,noise,1000,81.69999999999999,63.800000000000004,0,993,261,194,True,0.9931640625,1.0,0.993,0,994
preserve_s44_accurate_gelu_n2048,44,accurate,gelu,2048,brightness,1000,85.3,66.9,0,1000,312,217,True,0.9931640625,1.0,1.0,0,998
preserve_s44_accurate_norm_n2048,44,accurate,norm,2048,clean,10000,86.32,86.14,10,9336,114,49,True,0.93359375,0.9968,0.9333868378812199,3,9332
preserve_s44_accurate_norm_n2048,44,accurate,norm,2048,noise,1000,81.69999999999999,81.89999999999999,0,950,11,4,True,0.93359375,0.998,0.9498997995991983,0,953
preserve_s44_accurate_norm_n2048,44,accurate,norm,2048,brightness,1000,85.3,85.7,0,938,15,3,True,0.93359375,0.998,0.9378757515030061,0,938
preserve_s44_budget_all_n2048,44,budget,all,2048,clean,10000,86.32,9.610000000000001,1939,10000,7037,6196,True,1.0,0.0728,1.0,0,8061
preserve_s44_budget_all_n2048,44,budget,all,2048,noise,1000,81.69999999999999,9.8,180,1000,738,606,True,1.0,0.065,1.0,0,820
preserve_s44_budget_all_n2048,44,budget,all,2048,brightness,1000,85.3,10.100000000000001,119,1000,768,672,True,1.0,0.195,1.0,0,881
preserve_s44_budget_attention_n2048,44,budget,attention,2048,clean,10000,86.32,41.5,0,10000,5788,4832,True,1.0,0.9605,1.0,0,10000
preserve_s44_budget_attention_n2048,44,budget,attention,2048,noise,1000,81.69999999999999,38.7,0,1000,636,489,True,1.0,0.976,1.0,0,1000
preserve_s44_budget_attention_n2048,44,budget,attention,2048,brightness,1000,85.3,41.9,0,1000,580,478,True,1.0,0.859,1.0,0,1000
preserve_s44_budget_gelu_n2048,44,budget,gelu,2048,clean,10000,86.32,22.720000000000002,0,10000,7678,6565,True,1.0,1.0,1.0,0,10000
preserve_s44_budget_gelu_n2048,44,budget,gelu,2048,noise,1000,81.69999999999999,23.799999999999997,0,1000,719,599,True,1.0,1.0,1.0,0,1000
preserve_s44_budget_gelu_n2048,44,budget,gelu,2048,brightness,1000,85.3,22.7,0,1000,781,654,True,1.0,1.0,1.0,0,1000
preserve_s44_budget_norm_n2048,44,budget,norm,2048,clean,10000,86.32,85.84,6,9960,407,179,True,0.9951171875,0.9961,0.995984338921795,0,9954
preserve_s44_budget_norm_n2048,44,budget,norm,2048,noise,1000,81.69999999999999,81.5,0,997,50,20,True,0.9951171875,0.999,0.996996996996997,0,997
preserve_s44_budget_norm_n2048,44,budget,norm,2048,brightness,1000,85.3,84.39999999999999,0,997,49,21,True,0.9951171875,0.997,0.9969909729187563,0,997
