configuration,seed,profile,mask,fit_n,split,detector,conversion_failures,prediction_flips,correct_to_wrong,n,tp,fp,fn,tn,recall,false_positive_rate,precision,accepted_fraction,accepted_failure_rate,all_reviewed
preserve_s42_budget_gelu_n2048,42,budget,gelu,2048,clean,calibration_only,10000,7220,6151,10000,10000,0,0,0,1.0,,1.0,0.0,,True
preserve_s42_budget_gelu_n2048,42,budget,gelu,2048,clean,finite_only,10000,7220,6151,10000,0,0,10000,0,0.0,,,1.0,1.0,False
preserve_s42_budget_gelu_n2048,42,budget,gelu,2048,clean,range,10000,7220,6151,10000,0,0,10000,0,0.0,,,1.0,1.0,False
preserve_s42_budget_gelu_n2048,42,budget,gelu,2048,clean,range_and_precision,10000,7220,6151,10000,0,0,10000,0,0.0,,,1.0,1.0,False
preserve_s42_budget_gelu_n2048,42,budget,gelu,2048,noise,calibration_only,1000,697,588,1000,1000,0,0,0,1.0,,1.0,0.0,,True
preserve_s42_budget_gelu_n2048,42,budget,gelu,2048,noise,finite_only,1000,697,588,1000,0,0,1000,0,0.0,,,1.0,1.0,False
preserve_s42_budget_gelu_n2048,42,budget,gelu,2048,noise,range,1000,697,588,1000,0,0,1000,0,0.0,,,1.0,1.0,False
preserve_s42_budget_gelu_n2048,42,budget,gelu,2048,noise,range_and_precision,1000,697,588,1000,0,0,1000,0,0.0,,,1.0,1.0,False
preserve_s42_budget_gelu_n2048,42,budget,gelu,2048,brightness,calibration_only,1000,738,623,1000,1000,0,0,0,1.0,,1.0,0.0,,True
preserve_s42_budget_gelu_n2048,42,budget,gelu,2048,brightness,finite_only,1000,738,623,1000,0,0,1000,0,0.0,,,1.0,1.0,False
preserve_s42_budget_gelu_n2048,42,budget,gelu,2048,brightness,range,1000,738,623,1000,0,0,1000,0,0.0,,,1.0,1.0,False
preserve_s42_budget_gelu_n2048,42,budget,gelu,2048,brightness,range_and_precision,1000,738,623,1000,0,0,1000,0,0.0,,,1.0,1.0,False
preserve_s42_budget_norm_n2048,42,budget,norm,2048,clean,calibration_only,9864,290,127,10000,9864,136,0,0,1.0,1.0,0.9864,0.0,,True
preserve_s42_budget_norm_n2048,42,budget,norm,2048,clean,finite_only,9864,290,127,10000,9,0,9855,136,0.0009124087591240876,0.0,1.0,0.9991,0.9863877489740767,False
preserve_s42_budget_norm_n2048,42,budget,norm,2048,clean,range,9864,290,127,10000,25,0,9839,136,0.0025344687753446875,0.0,1.0,0.9975,0.9863659147869674,False
preserve_s42_budget_norm_n2048,42,budget,norm,2048,clean,range_and_precision,9864,290,127,10000,25,0,9839,136,0.0025344687753446875,0.0,1.0,0.9975,0.9863659147869674,False
preserve_s42_budget_norm_n2048,42,budget,norm,2048,noise,calibration_only,988,54,21,1000,988,12,0,0,1.0,1.0,0.988,0.0,,True
preserve_s42_budget_norm_n2048,42,budget,norm,2048,noise,finite_only,988,54,21,1000,0,0,988,12,0.0,0.0,,1.0,0.988,False
preserve_s42_budget_norm_n2048,42,budget,norm,2048,noise,range,988,54,21,1000,1,0,987,12,0.0010121457489878543,0.0,1.0,0.999,0.987987987987988,False
preserve_s42_budget_norm_n2048,42,budget,norm,2048,noise,range_and_precision,988,54,21,1000,1,0,987,12,0.0010121457489878543,0.0,1.0,0.999,0.987987987987988,False
preserve_s42_budget_norm_n2048,42,budget,norm,2048,brightness,calibration_only,989,39,23,1000,989,11,0,0,1.0,1.0,0.989,0.0,,True
preserve_s42_budget_norm_n2048,42,budget,norm,2048,brightness,finite_only,989,39,23,1000,0,0,989,11,0.0,0.0,,1.0,0.989,False
preserve_s42_budget_norm_n2048,42,budget,norm,2048,brightness,range,989,39,23,1000,5,0,984,11,0.005055611729019211,0.0,1.0,0.995,0.9889447236180905,False
preserve_s42_budget_norm_n2048,42,budget,norm,2048,brightness,range_and_precision,989,39,23,1000,5,0,984,11,0.005055611729019211,0.0,1.0,0.995,0.9889447236180905,False
preserve_s42_budget_attention_n2048,42,budget,attention,2048,clean,calibration_only,10000,6428,5435,10000,10000,0,0,0,1.0,,1.0,0.0,,True
preserve_s42_budget_attention_n2048,42,budget,attention,2048,clean,finite_only,10000,6428,5435,10000,0,0,10000,0,0.0,,,1.0,1.0,False
preserve_s42_budget_attention_n2048,42,budget,attention,2048,clean,range,10000,6428,5435,10000,392,0,9608,0,0.0392,,1.0,0.9608,1.0,False
preserve_s42_budget_attention_n2048,42,budget,attention,2048,clean,range_and_precision,10000,6428,5435,10000,392,0,9608,0,0.0392,,1.0,0.9608,1.0,False
preserve_s42_budget_attention_n2048,42,budget,attention,2048,noise,calibration_only,1000,664,537,1000,1000,0,0,0,1.0,,1.0,0.0,,True
preserve_s42_budget_attention_n2048,42,budget,attention,2048,noise,finite_only,1000,664,537,1000,0,0,1000,0,0.0,,,1.0,1.0,False
preserve_s42_budget_attention_n2048,42,budget,attention,2048,noise,range,1000,664,537,1000,27,0,973,0,0.027,,1.0,0.973,1.0,False
preserve_s42_budget_attention_n2048,42,budget,attention,2048,noise,range_and_precision,1000,664,537,1000,27,0,973,0,0.027,,1.0,0.973,1.0,False
preserve_s42_budget_attention_n2048,42,budget,attention,2048,brightness,calibration_only,1000,679,578,1000,1000,0,0,0,1.0,,1.0,0.0,,True
preserve_s42_budget_attention_n2048,42,budget,attention,2048,brightness,finite_only,1000,679,578,1000,0,0,1000,0,0.0,,,1.0,1.0,False
preserve_s42_budget_attention_n2048,42,budget,attention,2048,brightness,range,1000,679,578,1000,24,0,976,0,0.024,,1.0,0.976,1.0,False
preserve_s42_budget_attention_n2048,42,budget,attention,2048,brightness,range_and_precision,1000,679,578,1000,24,0,976,0,0.024,,1.0,0.976,1.0,False
preserve_s42_budget_all_n2048,42,budget,all,2048,clean,calibration_only,10000,7262,6294,10000,10000,0,0,0,1.0,,1.0,0.0,,True
preserve_s42_budget_all_n2048,42,budget,all,2048,clean,finite_only,10000,7262,6294,10000,1374,0,8626,0,0.1374,,1.0,0.8626,1.0,False
preserve_s42_budget_all_n2048,42,budget,all,2048,clean,range,10000,7262,6294,10000,4981,0,5019,0,0.4981,,1.0,0.5019,1.0,False
preserve_s42_budget_all_n2048,42,budget,all,2048,clean,range_and_precision,10000,7262,6294,10000,4981,0,5019,0,0.4981,,1.0,0.5019,1.0,False
preserve_s42_budget_all_n2048,42,budget,all,2048,noise,calibration_only,1000,715,590,1000,1000,0,0,0,1.0,,1.0,0.0,,True
preserve_s42_budget_all_n2048,42,budget,all,2048,noise,finite_only,1000,715,590,1000,132,0,868,0,0.132,,1.0,0.868,1.0,False
preserve_s42_budget_all_n2048,42,budget,all,2048,noise,range,1000,715,590,1000,500,0,500,0,0.5,,1.0,0.5,1.0,False
preserve_s42_budget_all_n2048,42,budget,all,2048,noise,range_and_precision,1000,715,590,1000,500,0,500,0,0.5,,1.0,0.5,1.0,False
preserve_s42_budget_all_n2048,42,budget,all,2048,brightness,calibration_only,1000,688,589,1000,1000,0,0,0,1.0,,1.0,0.0,,True
preserve_s42_budget_all_n2048,42,budget,all,2048,brightness,finite_only,1000,688,589,1000,180,0,820,0,0.18,,1.0,0.82,1.0,False
preserve_s42_budget_all_n2048,42,budget,all,2048,brightness,range,1000,688,589,1000,374,0,626,0,0.374,,1.0,0.626,1.0,False
preserve_s42_budget_all_n2048,42,budget,all,2048,brightness,range_and_precision,1000,688,589,1000,374,0,626,0,0.374,,1.0,0.626,1.0,False
preserve_s42_accurate_gelu_n2048,42,accurate,gelu,2048,clean,calibration_only,9876,1660,1074,10000,9876,124,0,0,1.0,1.0,0.9876,0.0,,True
preserve_s42_accurate_gelu_n2048,42,accurate,gelu,2048,clean,finite_only,9876,1660,1074,10000,0,0,9876,124,0.0,0.0,,1.0,0.9876,False
preserve_s42_accurate_gelu_n2048,42,accurate,gelu,2048,clean,range,9876,1660,1074,10000,0,0,9876,124,0.0,0.0,,1.0,0.9876,False
preserve_s42_accurate_gelu_n2048,42,accurate,gelu,2048,clean,range_and_precision,9876,1660,1074,10000,0,0,9876,124,0.0,0.0,,1.0,0.9876,False
preserve_s42_accurate_gelu_n2048,42,accurate,gelu,2048,noise,calibration_only,984,205,144,1000,984,16,0,0,1.0,1.0,0.984,0.0,,True
preserve_s42_accurate_gelu_n2048,42,accurate,gelu,2048,noise,finite_only,984,205,144,1000,0,0,984,16,0.0,0.0,,1.0,0.984,False
preserve_s42_accurate_gelu_n2048,42,accurate,gelu,2048,noise,range,984,205,144,1000,0,0,984,16,0.0,0.0,,1.0,0.984,False
preserve_s42_accurate_gelu_n2048,42,accurate,gelu,2048,noise,range_and_precision,984,205,144,1000,0,0,984,16,0.0,0.0,,1.0,0.984,False
preserve_s42_accurate_gelu_n2048,42,accurate,gelu,2048,brightness,calibration_only,992,262,184,1000,992,8,0,0,1.0,1.0,0.992,0.0,,True
preserve_s42_accurate_gelu_n2048,42,accurate,gelu,2048,brightness,finite_only,992,262,184,1000,0,0,992,8,0.0,0.0,,1.0,0.992,False
preserve_s42_accurate_gelu_n2048,42,accurate,gelu,2048,brightness,range,992,262,184,1000,0,0,992,8,0.0,0.0,,1.0,0.992,False
preserve_s42_accurate_gelu_n2048,42,accurate,gelu,2048,brightness,range_and_precision,992,262,184,1000,0,0,992,8,0.0,0.0,,1.0,0.992,False
preserve_s42_accurate_norm_n2048,42,accurate,norm,2048,clean,calibration_only,7668,71,32,10000,7668,2332,0,0,1.0,1.0,0.7668,0.0,,True
preserve_s42_accurate_norm_n2048,42,accurate,norm,2048,clean,finite_only,7668,71,32,10000,10,0,7658,2332,0.0013041210224308817,0.0,1.0,0.999,0.7665665665665665,False
preserve_s42_accurate_norm_n2048,42,accurate,norm,2048,clean,range,7668,71,32,10000,20,4,7648,2328,0.0026082420448617634,0.0017152658662092624,0.8333333333333334,0.9976,0.7666399358460305,False
preserve_s42_accurate_norm_n2048,42,accurate,norm,2048,clean,range_and_precision,7668,71,32,10000,22,4,7646,2328,0.0028690662493479394,0.0017152658662092624,0.8461538461538461,0.9974,0.766593142169641,False
preserve_s42_accurate_norm_n2048,42,accurate,norm,2048,noise,calibration_only,782,12,5,1000,782,218,0,0,1.0,1.0,0.782,0.0,,True
preserve_s42_accurate_norm_n2048,42,accurate,norm,2048,noise,finite_only,782,12,5,1000,0,0,782,218,0.0,0.0,,1.0,0.782,False
preserve_s42_accurate_norm_n2048,42,accurate,norm,2048,noise,range,782,12,5,1000,1,0,781,218,0.0012787723785166241,0.0,1.0,0.999,0.7817817817817818,False
preserve_s42_accurate_norm_n2048,42,accurate,norm,2048,noise,range_and_precision,782,12,5,1000,1,0,781,218,0.0012787723785166241,0.0,1.0,0.999,0.7817817817817818,False
preserve_s42_accurate_norm_n2048,42,accurate,norm,2048,brightness,calibration_only,772,5,2,1000,772,228,0,0,1.0,1.0,0.772,0.0,,True
preserve_s42_accurate_norm_n2048,42,accurate,norm,2048,brightness,finite_only,772,5,2,1000,0,0,772,228,0.0,0.0,,1.0,0.772,False
preserve_s42_accurate_norm_n2048,42,accurate,norm,2048,brightness,range,772,5,2,1000,3,0,769,228,0.0038860103626943004,0.0,1.0,0.997,0.7713139418254764,False
preserve_s42_accurate_norm_n2048,42,accurate,norm,2048,brightness,range_and_precision,772,5,2,1000,3,0,769,228,0.0038860103626943004,0.0,1.0,0.997,0.7713139418254764,False
preserve_s42_accurate_attention_n2048,42,accurate,attention,2048,clean,calibration_only,9938,1772,1091,10000,9938,62,0,0,1.0,1.0,0.9938,0.0,,True
preserve_s42_accurate_attention_n2048,42,accurate,attention,2048,clean,finite_only,9938,1772,1091,10000,1,0,9937,62,0.0001006238679814852,0.0,1.0,0.9999,0.9937993799379938,False
preserve_s42_accurate_attention_n2048,42,accurate,attention,2048,clean,range,9938,1772,1091,10000,80,1,9858,61,0.008049909438518816,0.016129032258064516,0.9876543209876543,0.9919,0.993850186510737,False
preserve_s42_accurate_attention_n2048,42,accurate,attention,2048,clean,range_and_precision,9938,1772,1091,10000,80,1,9858,61,0.008049909438518816,0.016129032258064516,0.9876543209876543,0.9919,0.993850186510737,False
preserve_s42_accurate_attention_n2048,42,accurate,attention,2048,noise,calibration_only,998,208,111,1000,998,2,0,0,1.0,1.0,0.998,0.0,,True
preserve_s42_accurate_attention_n2048,42,accurate,attention,2048,noise,finite_only,998,208,111,1000,0,0,998,2,0.0,0.0,,1.0,0.998,False
preserve_s42_accurate_attention_n2048,42,accurate,attention,2048,noise,range,998,208,111,1000,3,0,995,2,0.003006012024048096,0.0,1.0,0.997,0.9979939819458375,False
preserve_s42_accurate_attention_n2048,42,accurate,attention,2048,noise,range_and_precision,998,208,111,1000,3,0,995,2,0.003006012024048096,0.0,1.0,0.997,0.9979939819458375,False
preserve_s42_accurate_attention_n2048,42,accurate,attention,2048,brightness,calibration_only,996,223,146,1000,996,4,0,0,1.0,1.0,0.996,0.0,,True
preserve_s42_accurate_attention_n2048,42,accurate,attention,2048,brightness,finite_only,996,223,146,1000,0,0,996,4,0.0,0.0,,1.0,0.996,False
preserve_s42_accurate_attention_n2048,42,accurate,attention,2048,brightness,range,996,223,146,1000,3,0,993,4,0.0030120481927710845,0.0,1.0,0.997,0.995987963891675,False
preserve_s42_accurate_attention_n2048,42,accurate,attention,2048,brightness,range_and_precision,996,223,146,1000,3,0,993,4,0.0030120481927710845,0.0,1.0,0.997,0.995987963891675,False
preserve_s42_accurate_all_n2048,42,accurate,all,2048,clean,calibration_only,10000,2666,1883,10000,10000,0,0,0,1.0,,1.0,0.0,,True
preserve_s42_accurate_all_n2048,42,accurate,all,2048,clean,finite_only,10000,2666,1883,10000,11,0,9989,0,0.0011,,1.0,0.9989,1.0,False
preserve_s42_accurate_all_n2048,42,accurate,all,2048,clean,range,10000,2666,1883,10000,43,0,9957,0,0.0043,,1.0,0.9957,1.0,False
preserve_s42_accurate_all_n2048,42,accurate,all,2048,clean,range_and_precision,10000,2666,1883,10000,45,0,9955,0,0.0045,,1.0,0.9955,1.0,False
preserve_s42_accurate_all_n2048,42,accurate,all,2048,noise,calibration_only,1000,310,218,1000,1000,0,0,0,1.0,,1.0,0.0,,True
preserve_s42_accurate_all_n2048,42,accurate,all,2048,noise,finite_only,1000,310,218,1000,0,0,1000,0,0.0,,,1.0,1.0,False
preserve_s42_accurate_all_n2048,42,accurate,all,2048,noise,range,1000,310,218,1000,2,0,998,0,0.002,,1.0,0.998,1.0,False
preserve_s42_accurate_all_n2048,42,accurate,all,2048,noise,range_and_precision,1000,310,218,1000,2,0,998,0,0.002,,1.0,0.998,1.0,False
preserve_s42_accurate_all_n2048,42,accurate,all,2048,brightness,calibration_only,999,354,259,1000,999,1,0,0,1.0,1.0,0.999,0.0,,True
preserve_s42_accurate_all_n2048,42,accurate,all,2048,brightness,finite_only,999,354,259,1000,0,0,999,1,0.0,0.0,,1.0,0.999,False
preserve_s42_accurate_all_n2048,42,accurate,all,2048,brightness,range,999,354,259,1000,0,0,999,1,0.0,0.0,,1.0,0.999,False
preserve_s42_accurate_all_n2048,42,accurate,all,2048,brightness,range_and_precision,999,354,259,1000,0,0,999,1,0.0,0.0,,1.0,0.999,False
preserve_s43_budget_gelu_n2048,43,budget,gelu,2048,clean,calibration_only,10000,7338,6292,10000,10000,0,0,0,1.0,,1.0,0.0,,True
preserve_s43_budget_gelu_n2048,43,budget,gelu,2048,clean,finite_only,10000,7338,6292,10000,0,0,10000,0,0.0,,,1.0,1.0,False
preserve_s43_budget_gelu_n2048,43,budget,gelu,2048,clean,range,10000,7338,6292,10000,0,0,10000,0,0.0,,,1.0,1.0,False
preserve_s43_budget_gelu_n2048,43,budget,gelu,2048,clean,range_and_precision,10000,7338,6292,10000,0,0,10000,0,0.0,,,1.0,1.0,False
preserve_s43_budget_gelu_n2048,43,budget,gelu,2048,noise,calibration_only,1000,707,586,1000,1000,0,0,0,1.0,,1.0,0.0,,True
preserve_s43_budget_gelu_n2048,43,budget,gelu,2048,noise,finite_only,1000,707,586,1000,0,0,1000,0,0.0,,,1.0,1.0,False
preserve_s43_budget_gelu_n2048,43,budget,gelu,2048,noise,range,1000,707,586,1000,0,0,1000,0,0.0,,,1.0,1.0,False
preserve_s43_budget_gelu_n2048,43,budget,gelu,2048,noise,range_and_precision,1000,707,586,1000,0,0,1000,0,0.0,,,1.0,1.0,False
preserve_s43_budget_gelu_n2048,43,budget,gelu,2048,brightness,calibration_only,1000,714,600,1000,1000,0,0,0,1.0,,1.0,0.0,,True
preserve_s43_budget_gelu_n2048,43,budget,gelu,2048,brightness,finite_only,1000,714,600,1000,0,0,1000,0,0.0,,,1.0,1.0,False
preserve_s43_budget_gelu_n2048,43,budget,gelu,2048,brightness,range,1000,714,600,1000,0,0,1000,0,0.0,,,1.0,1.0,False
preserve_s43_budget_gelu_n2048,43,budget,gelu,2048,brightness,range_and_precision,1000,714,600,1000,0,0,1000,0,0.0,,,1.0,1.0,False
preserve_s43_budget_norm_n2048,43,budget,norm,2048,clean,calibration_only,9638,250,106,10000,9638,362,0,0,1.0,1.0,0.9638,0.0,,True
preserve_s43_budget_norm_n2048,43,budget,norm,2048,clean,finite_only,9638,250,106,10000,3,0,9635,362,0.00031126789790412947,0.0,1.0,0.9997,0.9637891367410223,False
preserve_s43_budget_norm_n2048,43,budget,norm,2048,clean,range,9638,250,106,10000,26,1,9612,361,0.0026976551151691223,0.0027624309392265192,0.9629629629629629,0.9973,0.96380226611852,False
preserve_s43_budget_norm_n2048,43,budget,norm,2048,clean,range_and_precision,9638,250,106,10000,26,1,9612,361,0.0026976551151691223,0.0027624309392265192,0.9629629629629629,0.9973,0.96380226611852,False
preserve_s43_budget_norm_n2048,43,budget,norm,2048,noise,calibration_only,973,27,12,1000,973,27,0,0,1.0,1.0,0.973,0.0,,True
preserve_s43_budget_norm_n2048,43,budget,norm,2048,noise,finite_only,973,27,12,1000,0,0,973,27,0.0,0.0,,1.0,0.973,False
preserve_s43_budget_norm_n2048,43,budget,norm,2048,noise,range,973,27,12,1000,1,0,972,27,0.0010277492291880781,0.0,1.0,0.999,0.972972972972973,False
preserve_s43_budget_norm_n2048,43,budget,norm,2048,noise,range_and_precision,973,27,12,1000,1,0,972,27,0.0010277492291880781,0.0,1.0,0.999,0.972972972972973,False
preserve_s43_budget_norm_n2048,43,budget,norm,2048,brightness,calibration_only,976,30,13,1000,976,24,0,0,1.0,1.0,0.976,0.0,,True
preserve_s43_budget_norm_n2048,43,budget,norm,2048,brightness,finite_only,976,30,13,1000,0,0,976,24,0.0,0.0,,1.0,0.976,False
preserve_s43_budget_norm_n2048,43,budget,norm,2048,brightness,range,976,30,13,1000,4,0,972,24,0.004098360655737705,0.0,1.0,0.996,0.9759036144578314,False
preserve_s43_budget_norm_n2048,43,budget,norm,2048,brightness,range_and_precision,976,30,13,1000,4,0,972,24,0.004098360655737705,0.0,1.0,0.996,0.9759036144578314,False
preserve_s43_budget_attention_n2048,43,budget,attention,2048,clean,calibration_only,10000,8064,6976,10000,10000,0,0,0,1.0,,1.0,0.0,,True
preserve_s43_budget_attention_n2048,43,budget,attention,2048,clean,finite_only,10000,8064,6976,10000,0,0,10000,0,0.0,,,1.0,1.0,False
preserve_s43_budget_attention_n2048,43,budget,attention,2048,clean,range,10000,8064,6976,10000,259,0,9741,0,0.0259,,1.0,0.9741,1.0,False
preserve_s43_budget_attention_n2048,43,budget,attention,2048,clean,range_and_precision,10000,8064,6976,10000,259,0,9741,0,0.0259,,1.0,0.9741,1.0,False
preserve_s43_budget_attention_n2048,43,budget,attention,2048,noise,calibration_only,1000,823,685,1000,1000,0,0,0,1.0,,1.0,0.0,,True
preserve_s43_budget_attention_n2048,43,budget,attention,2048,noise,finite_only,1000,823,685,1000,0,0,1000,0,0.0,,,1.0,1.0,False
preserve_s43_budget_attention_n2048,43,budget,attention,2048,noise,range,1000,823,685,1000,17,0,983,0,0.017,,1.0,0.983,1.0,False
preserve_s43_budget_attention_n2048,43,budget,attention,2048,noise,range_and_precision,1000,823,685,1000,17,0,983,0,0.017,,1.0,0.983,1.0,False
preserve_s43_budget_attention_n2048,43,budget,attention,2048,brightness,calibration_only,1000,825,712,1000,1000,0,0,0,1.0,,1.0,0.0,,True
preserve_s43_budget_attention_n2048,43,budget,attention,2048,brightness,finite_only,1000,825,712,1000,0,0,1000,0,0.0,,,1.0,1.0,False
preserve_s43_budget_attention_n2048,43,budget,attention,2048,brightness,range,1000,825,712,1000,20,0,980,0,0.02,,1.0,0.98,1.0,False
preserve_s43_budget_attention_n2048,43,budget,attention,2048,brightness,range_and_precision,1000,825,712,1000,20,0,980,0,0.02,,1.0,0.98,1.0,False
preserve_s43_budget_all_n2048,43,budget,all,2048,clean,calibration_only,10000,5904,5109,10000,10000,0,0,0,1.0,,1.0,0.0,,True
preserve_s43_budget_all_n2048,43,budget,all,2048,clean,finite_only,10000,5904,5109,10000,3328,0,6672,0,0.3328,,1.0,0.6672,1.0,False
preserve_s43_budget_all_n2048,43,budget,all,2048,clean,range,10000,5904,5109,10000,9950,0,50,0,0.995,,1.0,0.005,1.0,False
preserve_s43_budget_all_n2048,43,budget,all,2048,clean,range_and_precision,10000,5904,5109,10000,9950,0,50,0,0.995,,1.0,0.005,1.0,False
preserve_s43_budget_all_n2048,43,budget,all,2048,noise,calibration_only,1000,599,489,1000,1000,0,0,0,1.0,,1.0,0.0,,True
preserve_s43_budget_all_n2048,43,budget,all,2048,noise,finite_only,1000,599,489,1000,332,0,668,0,0.332,,1.0,0.668,1.0,False
preserve_s43_budget_all_n2048,43,budget,all,2048,noise,range,1000,599,489,1000,994,0,6,0,0.994,,1.0,0.006,1.0,False
preserve_s43_budget_all_n2048,43,budget,all,2048,noise,range_and_precision,1000,599,489,1000,994,0,6,0,0.994,,1.0,0.006,1.0,False
preserve_s43_budget_all_n2048,43,budget,all,2048,brightness,calibration_only,1000,667,575,1000,1000,0,0,0,1.0,,1.0,0.0,,True
preserve_s43_budget_all_n2048,43,budget,all,2048,brightness,finite_only,1000,667,575,1000,256,0,744,0,0.256,,1.0,0.744,1.0,False
preserve_s43_budget_all_n2048,43,budget,all,2048,brightness,range,1000,667,575,1000,981,0,19,0,0.981,,1.0,0.019,1.0,False
preserve_s43_budget_all_n2048,43,budget,all,2048,brightness,range_and_precision,1000,667,575,1000,981,0,19,0,0.981,,1.0,0.019,1.0,False
preserve_s43_accurate_gelu_n2048,43,accurate,gelu,2048,clean,calibration_only,9940,1880,1230,10000,9940,60,0,0,1.0,1.0,0.994,0.0,,True
preserve_s43_accurate_gelu_n2048,43,accurate,gelu,2048,clean,finite_only,9940,1880,1230,10000,0,0,9940,60,0.0,0.0,,1.0,0.994,False
preserve_s43_accurate_gelu_n2048,43,accurate,gelu,2048,clean,range,9940,1880,1230,10000,0,0,9940,60,0.0,0.0,,1.0,0.994,False
preserve_s43_accurate_gelu_n2048,43,accurate,gelu,2048,clean,range_and_precision,9940,1880,1230,10000,0,0,9940,60,0.0,0.0,,1.0,0.994,False
preserve_s43_accurate_gelu_n2048,43,accurate,gelu,2048,noise,calibration_only,991,202,142,1000,991,9,0,0,1.0,1.0,0.991,0.0,,True
preserve_s43_accurate_gelu_n2048,43,accurate,gelu,2048,noise,finite_only,991,202,142,1000,0,0,991,9,0.0,0.0,,1.0,0.991,False
preserve_s43_accurate_gelu_n2048,43,accurate,gelu,2048,noise,range,991,202,142,1000,0,0,991,9,0.0,0.0,,1.0,0.991,False
preserve_s43_accurate_gelu_n2048,43,accurate,gelu,2048,noise,range_and_precision,991,202,142,1000,0,0,991,9,0.0,0.0,,1.0,0.991,False
preserve_s43_accurate_gelu_n2048,43,accurate,gelu,2048,brightness,calibration_only,998,245,169,1000,998,2,0,0,1.0,1.0,0.998,0.0,,True
preserve_s43_accurate_gelu_n2048,43,accurate,gelu,2048,brightness,finite_only,998,245,169,1000,0,0,998,2,0.0,0.0,,1.0,0.998,False
preserve_s43_accurate_gelu_n2048,43,accurate,gelu,2048,brightness,range,998,245,169,1000,0,0,998,2,0.0,0.0,,1.0,0.998,False
preserve_s43_accurate_gelu_n2048,43,accurate,gelu,2048,brightness,range_and_precision,998,245,169,1000,0,0,998,2,0.0,0.0,,1.0,0.998,False
preserve_s43_accurate_norm_n2048,43,accurate,norm,2048,clean,calibration_only,1436,18,9,10000,1436,8564,0,0,1.0,1.0,0.1436,0.0,,True
preserve_s43_accurate_norm_n2048,43,accurate,norm,2048,clean,finite_only,1436,18,9,10000,4,0,1432,8564,0.002785515320334262,0.0,1.0,0.9996,0.14325730292116848,False
preserve_s43_accurate_norm_n2048,43,accurate,norm,2048,clean,range,1436,18,9,10000,9,26,1427,8538,0.006267409470752089,0.003035964502568893,0.2571428571428571,0.9965,0.14320120421475163,False
preserve_s43_accurate_norm_n2048,43,accurate,norm,2048,clean,range_and_precision,1436,18,9,10000,10,26,1426,8538,0.006963788300835654,0.003035964502568893,0.2777777777777778,0.9964,0.14311521477318345,False
preserve_s43_accurate_norm_n2048,43,accurate,norm,2048,noise,calibration_only,142,0,0,1000,142,858,0,0,1.0,1.0,0.142,0.0,,True
preserve_s43_accurate_norm_n2048,43,accurate,norm,2048,noise,finite_only,142,0,0,1000,0,0,142,858,0.0,0.0,,1.0,0.142,False
preserve_s43_accurate_norm_n2048,43,accurate,norm,2048,noise,range,142,0,0,1000,0,1,142,857,0.0,0.0011655011655011655,0.0,0.999,0.14214214214214213,False
preserve_s43_accurate_norm_n2048,43,accurate,norm,2048,noise,range_and_precision,142,0,0,1000,0,1,142,857,0.0,0.0011655011655011655,0.0,0.999,0.14214214214214213,False
preserve_s43_accurate_norm_n2048,43,accurate,norm,2048,brightness,calibration_only,137,3,2,1000,137,863,0,0,1.0,1.0,0.137,0.0,,True
preserve_s43_accurate_norm_n2048,43,accurate,norm,2048,brightness,finite_only,137,3,2,1000,0,0,137,863,0.0,0.0,,1.0,0.137,False
preserve_s43_accurate_norm_n2048,43,accurate,norm,2048,brightness,range,137,3,2,1000,0,9,137,854,0.0,0.010428736964078795,0.0,0.991,0.13824419778002017,False
preserve_s43_accurate_norm_n2048,43,accurate,norm,2048,brightness,range_and_precision,137,3,2,1000,0,9,137,854,0.0,0.010428736964078795,0.0,0.991,0.13824419778002017,False
preserve_s43_accurate_attention_n2048,43,accurate,attention,2048,clean,calibration_only,9996,1860,1172,10000,9996,4,0,0,1.0,1.0,0.9996,0.0,,True
preserve_s43_accurate_attention_n2048,43,accurate,attention,2048,clean,finite_only,9996,1860,1172,10000,0,0,9996,4,0.0,0.0,,1.0,0.9996,False
preserve_s43_accurate_attention_n2048,43,accurate,attention,2048,clean,range,9996,1860,1172,10000,24,0,9972,4,0.0024009603841536613,0.0,1.0,0.9976,0.9995990376904571,False
preserve_s43_accurate_attention_n2048,43,accurate,attention,2048,clean,range_and_precision,9996,1860,1172,10000,24,0,9972,4,0.0024009603841536613,0.0,1.0,0.9976,0.9995990376904571,False
preserve_s43_accurate_attention_n2048,43,accurate,attention,2048,noise,calibration_only,1000,216,124,1000,1000,0,0,0,1.0,,1.0,0.0,,True
preserve_s43_accurate_attention_n2048,43,accurate,attention,2048,noise,finite_only,1000,216,124,1000,0,0,1000,0,0.0,,,1.0,1.0,False
preserve_s43_accurate_attention_n2048,43,accurate,attention,2048,noise,range,1000,216,124,1000,3,0,997,0,0.003,,1.0,0.997,1.0,False
preserve_s43_accurate_attention_n2048,43,accurate,attention,2048,noise,range_and_precision,1000,216,124,1000,3,0,997,0,0.003,,1.0,0.997,1.0,False
preserve_s43_accurate_attention_n2048,43,accurate,attention,2048,brightness,calibration_only,1000,220,144,1000,1000,0,0,0,1.0,,1.0,0.0,,True
preserve_s43_accurate_attention_n2048,43,accurate,attention,2048,brightness,finite_only,1000,220,144,1000,0,0,1000,0,0.0,,,1.0,1.0,False
preserve_s43_accurate_attention_n2048,43,accurate,attention,2048,brightness,range,1000,220,144,1000,2,0,998,0,0.002,,1.0,0.998,1.0,False
preserve_s43_accurate_attention_n2048,43,accurate,attention,2048,brightness,range_and_precision,1000,220,144,1000,2,0,998,0,0.002,,1.0,0.998,1.0,False
preserve_s43_accurate_all_n2048,43,accurate,all,2048,clean,calibration_only,10000,3076,2280,10000,10000,0,0,0,1.0,,1.0,0.0,,True
preserve_s43_accurate_all_n2048,43,accurate,all,2048,clean,finite_only,10000,3076,2280,10000,12,0,9988,0,0.0012,,1.0,0.9988,1.0,False
preserve_s43_accurate_all_n2048,43,accurate,all,2048,clean,range,10000,3076,2280,10000,45,0,9955,0,0.0045,,1.0,0.9955,1.0,False
preserve_s43_accurate_all_n2048,43,accurate,all,2048,clean,range_and_precision,10000,3076,2280,10000,47,0,9953,0,0.0047,,1.0,0.9953,1.0,False
preserve_s43_accurate_all_n2048,43,accurate,all,2048,noise,calibration_only,1000,354,255,1000,1000,0,0,0,1.0,,1.0,0.0,,True
preserve_s43_accurate_all_n2048,43,accurate,all,2048,noise,finite_only,1000,354,255,1000,1,0,999,0,0.001,,1.0,0.999,1.0,False
preserve_s43_accurate_all_n2048,43,accurate,all,2048,noise,range,1000,354,255,1000,6,0,994,0,0.006,,1.0,0.994,1.0,False
preserve_s43_accurate_all_n2048,43,accurate,all,2048,noise,range_and_precision,1000,354,255,1000,6,0,994,0,0.006,,1.0,0.994,1.0,False
preserve_s43_accurate_all_n2048,43,accurate,all,2048,brightness,calibration_only,1000,383,288,1000,1000,0,0,0,1.0,,1.0,0.0,,True
preserve_s43_accurate_all_n2048,43,accurate,all,2048,brightness,finite_only,1000,383,288,1000,0,0,1000,0,0.0,,,1.0,1.0,False
preserve_s43_accurate_all_n2048,43,accurate,all,2048,brightness,range,1000,383,288,1000,1,0,999,0,0.001,,1.0,0.999,1.0,False
preserve_s43_accurate_all_n2048,43,accurate,all,2048,brightness,range_and_precision,1000,383,288,1000,2,0,998,0,0.002,,1.0,0.998,1.0,False
preserve_s44_budget_gelu_n2048,44,budget,gelu,2048,clean,calibration_only,10000,7678,6565,10000,10000,0,0,0,1.0,,1.0,0.0,,True
preserve_s44_budget_gelu_n2048,44,budget,gelu,2048,clean,finite_only,10000,7678,6565,10000,0,0,10000,0,0.0,,,1.0,1.0,False
preserve_s44_budget_gelu_n2048,44,budget,gelu,2048,clean,range,10000,7678,6565,10000,0,0,10000,0,0.0,,,1.0,1.0,False
preserve_s44_budget_gelu_n2048,44,budget,gelu,2048,clean,range_and_precision,10000,7678,6565,10000,0,0,10000,0,0.0,,,1.0,1.0,False
preserve_s44_budget_gelu_n2048,44,budget,gelu,2048,noise,calibration_only,1000,719,599,1000,1000,0,0,0,1.0,,1.0,0.0,,True
preserve_s44_budget_gelu_n2048,44,budget,gelu,2048,noise,finite_only,1000,719,599,1000,0,0,1000,0,0.0,,,1.0,1.0,False
preserve_s44_budget_gelu_n2048,44,budget,gelu,2048,noise,range,1000,719,599,1000,0,0,1000,0,0.0,,,1.0,1.0,False
preserve_s44_budget_gelu_n2048,44,budget,gelu,2048,noise,range_and_precision,1000,719,599,1000,0,0,1000,0,0.0,,,1.0,1.0,False
preserve_s44_budget_gelu_n2048,44,budget,gelu,2048,brightness,calibration_only,1000,781,654,1000,1000,0,0,0,1.0,,1.0,0.0,,True
preserve_s44_budget_gelu_n2048,44,budget,gelu,2048,brightness,finite_only,1000,781,654,1000,0,0,1000,0,0.0,,,1.0,1.0,False
preserve_s44_budget_gelu_n2048,44,budget,gelu,2048,brightness,range,1000,781,654,1000,0,0,1000,0,0.0,,,1.0,1.0,False
preserve_s44_budget_gelu_n2048,44,budget,gelu,2048,brightness,range_and_precision,1000,781,654,1000,0,0,1000,0,0.0,,,1.0,1.0,False
preserve_s44_budget_norm_n2048,44,budget,norm,2048,clean,calibration_only,9960,407,179,10000,9960,40,0,0,1.0,1.0,0.996,0.0,,True
preserve_s44_budget_norm_n2048,44,budget,norm,2048,clean,finite_only,9960,407,179,10000,6,0,9954,40,0.0006024096385542169,0.0,1.0,0.9994,0.9959975985591355,False
preserve_s44_budget_norm_n2048,44,budget,norm,2048,clean,range,9960,407,179,10000,39,0,9921,40,0.00391566265060241,0.0,1.0,0.9961,0.995984338921795,False
preserve_s44_budget_norm_n2048,44,budget,norm,2048,clean,range_and_precision,9960,407,179,10000,39,0,9921,40,0.00391566265060241,0.0,1.0,0.9961,0.995984338921795,False
preserve_s44_budget_norm_n2048,44,budget,norm,2048,noise,calibration_only,997,50,20,1000,997,3,0,0,1.0,1.0,0.997,0.0,,True
preserve_s44_budget_norm_n2048,44,budget,norm,2048,noise,finite_only,997,50,20,1000,0,0,997,3,0.0,0.0,,1.0,0.997,False
preserve_s44_budget_norm_n2048,44,budget,norm,2048,noise,range,997,50,20,1000,1,0,996,3,0.0010030090270812437,0.0,1.0,0.999,0.996996996996997,False
preserve_s44_budget_norm_n2048,44,budget,norm,2048,noise,range_and_precision,997,50,20,1000,1,0,996,3,0.0010030090270812437,0.0,1.0,0.999,0.996996996996997,False
preserve_s44_budget_norm_n2048,44,budget,norm,2048,brightness,calibration_only,997,49,21,1000,997,3,0,0,1.0,1.0,0.997,0.0,,True
preserve_s44_budget_norm_n2048,44,budget,norm,2048,brightness,finite_only,997,49,21,1000,0,0,997,3,0.0,0.0,,1.0,0.997,False
preserve_s44_budget_norm_n2048,44,budget,norm,2048,brightness,range,997,49,21,1000,3,0,994,3,0.003009027081243731,0.0,1.0,0.997,0.9969909729187563,False
preserve_s44_budget_norm_n2048,44,budget,norm,2048,brightness,range_and_precision,997,49,21,1000,3,0,994,3,0.003009027081243731,0.0,1.0,0.997,0.9969909729187563,False
preserve_s44_budget_attention_n2048,44,budget,attention,2048,clean,calibration_only,10000,5788,4832,10000,10000,0,0,0,1.0,,1.0,0.0,,True
preserve_s44_budget_attention_n2048,44,budget,attention,2048,clean,finite_only,10000,5788,4832,10000,0,0,10000,0,0.0,,,1.0,1.0,False
preserve_s44_budget_attention_n2048,44,budget,attention,2048,clean,range,10000,5788,4832,10000,395,0,9605,0,0.0395,,1.0,0.9605,1.0,False
preserve_s44_budget_attention_n2048,44,budget,attention,2048,clean,range_and_precision,10000,5788,4832,10000,395,0,9605,0,0.0395,,1.0,0.9605,1.0,False
preserve_s44_budget_attention_n2048,44,budget,attention,2048,noise,calibration_only,1000,636,489,1000,1000,0,0,0,1.0,,1.0,0.0,,True
preserve_s44_budget_attention_n2048,44,budget,attention,2048,noise,finite_only,1000,636,489,1000,0,0,1000,0,0.0,,,1.0,1.0,False
preserve_s44_budget_attention_n2048,44,budget,attention,2048,noise,range,1000,636,489,1000,24,0,976,0,0.024,,1.0,0.976,1.0,False
preserve_s44_budget_attention_n2048,44,budget,attention,2048,noise,range_and_precision,1000,636,489,1000,24,0,976,0,0.024,,1.0,0.976,1.0,False
preserve_s44_budget_attention_n2048,44,budget,attention,2048,brightness,calibration_only,1000,580,478,1000,1000,0,0,0,1.0,,1.0,0.0,,True
preserve_s44_budget_attention_n2048,44,budget,attention,2048,brightness,finite_only,1000,580,478,1000,0,0,1000,0,0.0,,,1.0,1.0,False
preserve_s44_budget_attention_n2048,44,budget,attention,2048,brightness,range,1000,580,478,1000,141,0,859,0,0.141,,1.0,0.859,1.0,False
preserve_s44_budget_attention_n2048,44,budget,attention,2048,brightness,range_and_precision,1000,580,478,1000,141,0,859,0,0.141,,1.0,0.859,1.0,False
preserve_s44_budget_all_n2048,44,budget,all,2048,clean,calibration_only,10000,7037,6196,10000,10000,0,0,0,1.0,,1.0,0.0,,True
preserve_s44_budget_all_n2048,44,budget,all,2048,clean,finite_only,10000,7037,6196,10000,1939,0,8061,0,0.1939,,1.0,0.8061,1.0,False
preserve_s44_budget_all_n2048,44,budget,all,2048,clean,range,10000,7037,6196,10000,9272,0,728,0,0.9272,,1.0,0.0728,1.0,False
preserve_s44_budget_all_n2048,44,budget,all,2048,clean,range_and_precision,10000,7037,6196,10000,9272,0,728,0,0.9272,,1.0,0.0728,1.0,False
preserve_s44_budget_all_n2048,44,budget,all,2048,noise,calibration_only,1000,738,606,1000,1000,0,0,0,1.0,,1.0,0.0,,True
preserve_s44_budget_all_n2048,44,budget,all,2048,noise,finite_only,1000,738,606,1000,180,0,820,0,0.18,,1.0,0.82,1.0,False
preserve_s44_budget_all_n2048,44,budget,all,2048,noise,range,1000,738,606,1000,935,0,65,0,0.935,,1.0,0.065,1.0,False
preserve_s44_budget_all_n2048,44,budget,all,2048,noise,range_and_precision,1000,738,606,1000,935,0,65,0,0.935,,1.0,0.065,1.0,False
preserve_s44_budget_all_n2048,44,budget,all,2048,brightness,calibration_only,1000,768,672,1000,1000,0,0,0,1.0,,1.0,0.0,,True
preserve_s44_budget_all_n2048,44,budget,all,2048,brightness,finite_only,1000,768,672,1000,119,0,881,0,0.119,,1.0,0.881,1.0,False
preserve_s44_budget_all_n2048,44,budget,all,2048,brightness,range,1000,768,672,1000,805,0,195,0,0.805,,1.0,0.195,1.0,False
preserve_s44_budget_all_n2048,44,budget,all,2048,brightness,range_and_precision,1000,768,672,1000,805,0,195,0,0.805,,1.0,0.195,1.0,False
preserve_s44_accurate_gelu_n2048,44,accurate,gelu,2048,clean,calibration_only,9943,2398,1673,10000,9943,57,0,0,1.0,1.0,0.9943,0.0,,True
preserve_s44_accurate_gelu_n2048,44,accurate,gelu,2048,clean,finite_only,9943,2398,1673,10000,0,0,9943,57,0.0,0.0,,1.0,0.9943,False
preserve_s44_accurate_gelu_n2048,44,accurate,gelu,2048,clean,range,9943,2398,1673,10000,0,0,9943,57,0.0,0.0,,1.0,0.9943,False
preserve_s44_accurate_gelu_n2048,44,accurate,gelu,2048,clean,range_and_precision,9943,2398,1673,10000,0,0,9943,57,0.0,0.0,,1.0,0.9943,False
preserve_s44_accurate_gelu_n2048,44,accurate,gelu,2048,noise,calibration_only,993,261,194,1000,993,7,0,0,1.0,1.0,0.993,0.0,,True
preserve_s44_accurate_gelu_n2048,44,accurate,gelu,2048,noise,finite_only,993,261,194,1000,0,0,993,7,0.0,0.0,,1.0,0.993,False
preserve_s44_accurate_gelu_n2048,44,accurate,gelu,2048,noise,range,993,261,194,1000,0,0,993,7,0.0,0.0,,1.0,0.993,False
preserve_s44_accurate_gelu_n2048,44,accurate,gelu,2048,noise,range_and_precision,993,261,194,1000,0,0,993,7,0.0,0.0,,1.0,0.993,False
preserve_s44_accurate_gelu_n2048,44,accurate,gelu,2048,brightness,calibration_only,1000,312,217,1000,1000,0,0,0,1.0,,1.0,0.0,,True
preserve_s44_accurate_gelu_n2048,44,accurate,gelu,2048,brightness,finite_only,1000,312,217,1000,0,0,1000,0,0.0,,,1.0,1.0,False
preserve_s44_accurate_gelu_n2048,44,accurate,gelu,2048,brightness,range,1000,312,217,1000,0,0,1000,0,0.0,,,1.0,1.0,False
preserve_s44_accurate_gelu_n2048,44,accurate,gelu,2048,brightness,range_and_precision,1000,312,217,1000,0,0,1000,0,0.0,,,1.0,1.0,False
preserve_s44_accurate_norm_n2048,44,accurate,norm,2048,clean,calibration_only,9336,114,49,10000,9336,664,0,0,1.0,1.0,0.9336,0.0,,True
preserve_s44_accurate_norm_n2048,44,accurate,norm,2048,clean,finite_only,9336,114,49,10000,10,0,9326,664,0.0010711225364181663,0.0,1.0,0.999,0.9335335335335335,False
preserve_s44_accurate_norm_n2048,44,accurate,norm,2048,clean,range,9336,114,49,10000,32,0,9304,664,0.003427592116538132,0.0,1.0,0.9968,0.9333868378812199,False
preserve_s44_accurate_norm_n2048,44,accurate,norm,2048,clean,range_and_precision,9336,114,49,10000,35,0,9301,664,0.0037489288774635817,0.0,1.0,0.9965,0.9333667837431009,False
preserve_s44_accurate_norm_n2048,44,accurate,norm,2048,noise,calibration_only,950,11,4,1000,950,50,0,0,1.0,1.0,0.95,0.0,,True
preserve_s44_accurate_norm_n2048,44,accurate,norm,2048,noise,finite_only,950,11,4,1000,0,0,950,50,0.0,0.0,,1.0,0.95,False
preserve_s44_accurate_norm_n2048,44,accurate,norm,2048,noise,range,950,11,4,1000,2,0,948,50,0.002105263157894737,0.0,1.0,0.998,0.9498997995991983,False
preserve_s44_accurate_norm_n2048,44,accurate,norm,2048,noise,range_and_precision,950,11,4,1000,2,0,948,50,0.002105263157894737,0.0,1.0,0.998,0.9498997995991983,False
preserve_s44_accurate_norm_n2048,44,accurate,norm,2048,brightness,calibration_only,938,15,3,1000,938,62,0,0,1.0,1.0,0.938,0.0,,True
preserve_s44_accurate_norm_n2048,44,accurate,norm,2048,brightness,finite_only,938,15,3,1000,0,0,938,62,0.0,0.0,,1.0,0.938,False
preserve_s44_accurate_norm_n2048,44,accurate,norm,2048,brightness,range,938,15,3,1000,2,0,936,62,0.0021321961620469083,0.0,1.0,0.998,0.9378757515030061,False
preserve_s44_accurate_norm_n2048,44,accurate,norm,2048,brightness,range_and_precision,938,15,3,1000,2,0,936,62,0.0021321961620469083,0.0,1.0,0.998,0.9378757515030061,False
preserve_s44_accurate_attention_n2048,44,accurate,attention,2048,clean,calibration_only,9837,1383,798,10000,9837,163,0,0,1.0,1.0,0.9837,0.0,,True
preserve_s44_accurate_attention_n2048,44,accurate,attention,2048,clean,finite_only,9837,1383,798,10000,0,0,9837,163,0.0,0.0,,1.0,0.9837,False
preserve_s44_accurate_attention_n2048,44,accurate,attention,2048,clean,range,9837,1383,798,10000,27,0,9810,163,0.0027447392497712718,0.0,1.0,0.9973,0.9836558708512985,False
preserve_s44_accurate_attention_n2048,44,accurate,attention,2048,clean,range_and_precision,9837,1383,798,10000,27,0,9810,163,0.0027447392497712718,0.0,1.0,0.9973,0.9836558708512985,False
preserve_s44_accurate_attention_n2048,44,accurate,attention,2048,noise,calibration_only,995,175,91,1000,995,5,0,0,1.0,1.0,0.995,0.0,,True
preserve_s44_accurate_attention_n2048,44,accurate,attention,2048,noise,finite_only,995,175,91,1000,0,0,995,5,0.0,0.0,,1.0,0.995,False
preserve_s44_accurate_attention_n2048,44,accurate,attention,2048,noise,range,995,175,91,1000,3,0,992,5,0.003015075376884422,0.0,1.0,0.997,0.9949849548645938,False
preserve_s44_accurate_attention_n2048,44,accurate,attention,2048,noise,range_and_precision,995,175,91,1000,3,0,992,5,0.003015075376884422,0.0,1.0,0.997,0.9949849548645938,False
preserve_s44_accurate_attention_n2048,44,accurate,attention,2048,brightness,calibration_only,991,185,118,1000,991,9,0,0,1.0,1.0,0.991,0.0,,True
preserve_s44_accurate_attention_n2048,44,accurate,attention,2048,brightness,finite_only,991,185,118,1000,0,0,991,9,0.0,0.0,,1.0,0.991,False
preserve_s44_accurate_attention_n2048,44,accurate,attention,2048,brightness,range,991,185,118,1000,4,0,987,9,0.004036326942482341,0.0,1.0,0.996,0.9909638554216867,False
preserve_s44_accurate_attention_n2048,44,accurate,attention,2048,brightness,range_and_precision,991,185,118,1000,4,0,987,9,0.004036326942482341,0.0,1.0,0.996,0.9909638554216867,False
preserve_s44_accurate_all_n2048,44,accurate,all,2048,clean,calibration_only,10000,2685,1906,10000,10000,0,0,0,1.0,,1.0,0.0,,True
preserve_s44_accurate_all_n2048,44,accurate,all,2048,clean,finite_only,10000,2685,1906,10000,5,0,9995,0,0.0005,,1.0,0.9995,1.0,False
preserve_s44_accurate_all_n2048,44,accurate,all,2048,clean,range,10000,2685,1906,10000,78,0,9922,0,0.0078,,1.0,0.9922,1.0,False
preserve_s44_accurate_all_n2048,44,accurate,all,2048,clean,range_and_precision,10000,2685,1906,10000,82,0,9918,0,0.0082,,1.0,0.9918,1.0,False
preserve_s44_accurate_all_n2048,44,accurate,all,2048,noise,calibration_only,1000,278,193,1000,1000,0,0,0,1.0,,1.0,0.0,,True
preserve_s44_accurate_all_n2048,44,accurate,all,2048,noise,finite_only,1000,278,193,1000,0,0,1000,0,0.0,,,1.0,1.0,False
preserve_s44_accurate_all_n2048,44,accurate,all,2048,noise,range,1000,278,193,1000,9,0,991,0,0.009,,1.0,0.991,1.0,False
preserve_s44_accurate_all_n2048,44,accurate,all,2048,noise,range_and_precision,1000,278,193,1000,10,0,990,0,0.01,,1.0,0.99,1.0,False
preserve_s44_accurate_all_n2048,44,accurate,all,2048,brightness,calibration_only,1000,353,254,1000,1000,0,0,0,1.0,,1.0,0.0,,True
preserve_s44_accurate_all_n2048,44,accurate,all,2048,brightness,finite_only,1000,353,254,1000,0,0,1000,0,0.0,,,1.0,1.0,False
preserve_s44_accurate_all_n2048,44,accurate,all,2048,brightness,range,1000,353,254,1000,17,0,983,0,0.017,,1.0,0.983,1.0,False
preserve_s44_accurate_all_n2048,44,accurate,all,2048,brightness,range_and_precision,1000,353,254,1000,19,0,981,0,0.019,,1.0,0.981,1.0,False
preserve_s42_budget_all_n128,42,budget,all,128,clean,calibration_only,10000,7110,6123,10000,10000,0,0,0,1.0,,1.0,0.0,,True
preserve_s42_budget_all_n128,42,budget,all,128,clean,finite_only,10000,7110,6123,10000,1182,0,8818,0,0.1182,,1.0,0.8818,1.0,False
preserve_s42_budget_all_n128,42,budget,all,128,clean,range,10000,7110,6123,10000,7537,0,2463,0,0.7537,,1.0,0.2463,1.0,False
preserve_s42_budget_all_n128,42,budget,all,128,clean,range_and_precision,10000,7110,6123,10000,7537,0,2463,0,0.7537,,1.0,0.2463,1.0,False
preserve_s42_budget_all_n128,42,budget,all,128,noise,calibration_only,1000,717,599,1000,1000,0,0,0,1.0,,1.0,0.0,,True
preserve_s42_budget_all_n128,42,budget,all,128,noise,finite_only,1000,717,599,1000,101,0,899,0,0.101,,1.0,0.899,1.0,False
preserve_s42_budget_all_n128,42,budget,all,128,noise,range,1000,717,599,1000,762,0,238,0,0.762,,1.0,0.238,1.0,False
preserve_s42_budget_all_n128,42,budget,all,128,noise,range_and_precision,1000,717,599,1000,762,0,238,0,0.762,,1.0,0.238,1.0,False
preserve_s42_budget_all_n128,42,budget,all,128,brightness,calibration_only,1000,705,596,1000,1000,0,0,0,1.0,,1.0,0.0,,True
preserve_s42_budget_all_n128,42,budget,all,128,brightness,finite_only,1000,705,596,1000,151,0,849,0,0.151,,1.0,0.849,1.0,False
preserve_s42_budget_all_n128,42,budget,all,128,brightness,range,1000,705,596,1000,735,0,265,0,0.735,,1.0,0.265,1.0,False
preserve_s42_budget_all_n128,42,budget,all,128,brightness,range_and_precision,1000,705,596,1000,735,0,265,0,0.735,,1.0,0.265,1.0,False
preserve_s42_accurate_all_n128,42,accurate,all,128,clean,calibration_only,9966,1775,1111,10000,9966,34,0,0,1.0,1.0,0.9966,0.0,,True
preserve_s42_accurate_all_n128,42,accurate,all,128,clean,finite_only,9966,1775,1111,10000,98,0,9868,34,0.009833433674493278,0.0,1.0,0.9902,0.9965663502322764,False
preserve_s42_accurate_all_n128,42,accurate,all,128,clean,range,9966,1775,1111,10000,268,0,9698,34,0.0268914308649408,0.0,1.0,0.9732,0.9965063707357172,False
preserve_s42_accurate_all_n128,42,accurate,all,128,clean,range_and_precision,9966,1775,1111,10000,268,0,9698,34,0.0268914308649408,0.0,1.0,0.9732,0.9965063707357172,False
preserve_s42_accurate_all_n128,42,accurate,all,128,noise,calibration_only,992,208,129,1000,992,8,0,0,1.0,1.0,0.992,0.0,,True
preserve_s42_accurate_all_n128,42,accurate,all,128,noise,finite_only,992,208,129,1000,4,0,988,8,0.004032258064516129,0.0,1.0,0.996,0.9919678714859438,False
preserve_s42_accurate_all_n128,42,accurate,all,128,noise,range,992,208,129,1000,17,0,975,8,0.017137096774193547,0.0,1.0,0.983,0.9918616480162767,False
preserve_s42_accurate_all_n128,42,accurate,all,128,noise,range_and_precision,992,208,129,1000,17,0,975,8,0.017137096774193547,0.0,1.0,0.983,0.9918616480162767,False
preserve_s42_accurate_all_n128,42,accurate,all,128,brightness,calibration_only,999,256,180,1000,999,1,0,0,1.0,1.0,0.999,0.0,,True
preserve_s42_accurate_all_n128,42,accurate,all,128,brightness,finite_only,999,256,180,1000,9,0,990,1,0.009009009009009009,0.0,1.0,0.991,0.9989909182643795,False
preserve_s42_accurate_all_n128,42,accurate,all,128,brightness,range,999,256,180,1000,41,0,958,1,0.04104104104104104,0.0,1.0,0.959,0.9989572471324296,False
preserve_s42_accurate_all_n128,42,accurate,all,128,brightness,range_and_precision,999,256,180,1000,41,0,958,1,0.04104104104104104,0.0,1.0,0.959,0.9989572471324296,False
