configuration,split,n,finite_images,nonfinite_images,finite_coverage,accuracy_invalid_as_failure,legacy_argmax_accuracy_diagnostic,invalid_argmax_matches_diagnostic,balanced_accuracy_present_classes,macro_f1_present_classes,nll_finite,nll_max_finite,nll_p99_finite,nll_p999_finite,finite_nll_gt100,brier_finite,ece15_finite,probabilistic_metric_scope
power_P_seed42,clean,10000,10000,0,1.0,78.31,78.31,0,78.31,0.7819685429859644,1.1947030444829698,20.648811496629133,13.55719104192056,17.897816116064117,0,0.36371233173207745,0.15506330378494804,Conditional on finite logits; always report finite coverage alongside these metrics
power_P_seed42,noise,1000,1000,0,1.0,75.2,75.2,0,75.15378946985717,0.7486229859987648,1.3976685255942074,18.94727889623195,13.057203277942351,17.40524253752808,0,0.417062452744024,0.18115406787579408,Conditional on finite logits; always report finite coverage alongside these metrics
power_P_seed42,brightness,1000,1000,0,1.0,70.0,70.0,0,69.67864795068579,0.700986641610114,1.7314195600533713,18.215231817091006,13.724147583816965,16.525800518106973,0,0.5107244845703348,0.22708907329215872,Conditional on finite logits; always report finite coverage alongside these metrics
power_Q_seed42,clean,10000,10000,0,1.0,79.65,79.65,0,79.65,0.7956357062180565,1.0591530614652727,26.326628486472455,12.890884898607574,19.15133119182486,0,0.33603069994668106,0.13984236745672854,Conditional on finite logits; always report finite coverage alongside these metrics
power_Q_seed42,noise,1000,1000,0,1.0,74.7,74.7,0,74.35974536229878,0.7423278574243717,1.3113347087602942,22.014150215817654,13.022182952118484,19.277788769014975,0,0.409983036217456,0.18043707009749232,Conditional on finite logits; always report finite coverage alongside these metrics
power_Q_seed42,brightness,1000,1000,0,1.0,72.0,72.0,0,71.62431041595556,0.7180679842592305,1.5565480119282307,26.86686472335287,14.991646757363599,20.81241693890571,0,0.46750344762870744,0.19806080034143103,Conditional on finite logits; always report finite coverage alongside these metrics
legacy_B_seed42,clean,10000,10000,0,1.0,68.56,68.56,0,68.56,0.6862353936941972,1.0319595606995644,17.247304086495262,8.097202043760602,12.07670571050433,0,0.45128745745836857,0.12938554875727676,Conditional on finite logits; always report finite coverage alongside these metrics
legacy_B_seed42,noise,1000,1000,0,1.0,67.7,67.7,0,67.1275030523941,0.6720647572689794,1.0574700826715093,11.101953329494501,7.355956268824132,10.32072709562744,0,0.46541137695083296,0.12168388224254811,Conditional on finite logits; always report finite coverage alongside these metrics
legacy_B_seed42,brightness,1000,1000,0,1.0,60.9,60.9,0,60.63975260987375,0.6074317218540483,1.3603741618300742,14.419705795188966,9.387578449692983,11.51545579555888,0,0.556851244545134,0.15896978679378082,Conditional on finite logits; always report finite coverage alongside these metrics
legacy_E_seed42,clean,10000,9989,11,0.9989,44.269999999999996,44.330000000000005,6,44.269999999999996,0.4353804430090082,3.798120913952473e+16,3.793942980947125e+20,4.989014448279671,8.050622609466805,4,0.6919673749520892,0.025846594382488135,Conditional on finite logits; always report finite coverage alongside these metrics
legacy_E_seed42,noise,1000,999,1,0.999,44.6,44.6,0,43.83354203152826,0.4290030922975248,1.5198993830183407,6.187140219097861,4.545503818816497,5.9482165932246405,0,0.6870831800659121,0.0462001578494392,Conditional on finite logits; always report finite coverage alongside these metrics
legacy_E_seed42,brightness,1000,1000,0,1.0,39.1,39.1,0,38.00359090900894,0.37661814745790406,1.6936719888270937,7.982015048923813,4.404533763541603,5.3103638118382985,0,0.7408485493568449,0.058507948322401755,Conditional on finite logits; always report finite coverage alongside these metrics
legacy_F_seed42,clean,10000,9992,8,0.9992,53.669999999999995,53.690000000000005,2,53.67000000000001,0.5330416595306436,809.0423522036325,8071208.25,4.481512434621672,6.604620300026763,1,0.5947847632740286,0.024665121286585726,Conditional on finite logits; always report finite coverage alongside these metrics
legacy_F_seed42,noise,1000,999,1,0.999,51.800000000000004,51.800000000000004,0,51.3240976881582,0.5094016827096396,1.2933868763360064,5.854349861270182,4.219230701376812,5.743015816251535,0,0.6073196557520972,0.034527996283695475,Conditional on finite logits; always report finite coverage alongside these metrics
legacy_F_seed42,brightness,1000,1000,0,1.0,44.9,44.9,0,44.58689198394721,0.4428732963829346,1.546313504083967,5.699705644815005,4.74843900395317,5.476602914010747,0,0.6942977989352637,0.034548295353761645,Conditional on finite logits; always report finite coverage alongside these metrics
power_P_seed43,clean,10000,10000,0,1.0,77.77,77.77,0,77.77,0.7772641252075925,1.1198160806385717,19.64564259493016,12.364573927358542,16.288725275060422,0,0.3641864637431959,0.15417526154264838,Conditional on finite logits; always report finite coverage alongside these metrics
power_P_seed43,noise,1000,1000,0,1.0,72.7,72.7,0,72.54977465323724,0.7222809804511185,1.413690294382046,15.881084913522322,12.643559409412003,15.774479931466862,0,0.4488012500660274,0.19469522937301859,Conditional on finite logits; always report finite coverage alongside these metrics
power_P_seed43,brightness,1000,1000,0,1.0,68.8,68.8,0,68.58894904814811,0.6889624453139975,1.576288094648655,17.631043272142648,12.950075965219975,15.084431971614144,0,0.508852190926605,0.22341147066593564,Conditional on finite logits; always report finite coverage alongside these metrics
power_Q_seed43,clean,10000,10000,0,1.0,80.63,80.63,0,80.63,0.8066207178287078,0.6875415439447867,16.75985516149059,7.974060455411381,11.573288208024707,0,0.291569289222719,0.08682929543402312,Conditional on finite logits; always report finite coverage alongside these metrics
power_Q_seed43,noise,1000,1000,0,1.0,77.60000000000001,77.60000000000001,0,77.44847926862971,0.773527666336441,0.8115472644201824,12.294370670955631,9.21513425890418,10.804883035856324,0,0.3329127355405013,0.09691917769009412,Conditional on finite logits; always report finite coverage alongside these metrics
power_Q_seed43,brightness,1000,1000,0,1.0,75.0,75.0,0,74.79538935306951,0.7500800718711665,0.8936922323517509,10.805746917081677,8.39134813533689,10.56932844837071,0,0.3680043339224669,0.11203898585819956,Conditional on finite logits; always report finite coverage alongside these metrics
legacy_B_seed43,clean,10000,10000,0,1.0,67.53,67.53,0,67.53,0.6747271347099315,1.1234749071032333,16.796446027251676,8.504632170045465,12.30312095063012,0,0.47464353804300063,0.14631184693128096,Conditional on finite logits; always report finite coverage alongside these metrics
legacy_B_seed43,noise,1000,1000,0,1.0,65.9,65.9,0,65.54003291424374,0.6547352496071656,1.161244057196166,12.238560701534142,7.852173466540602,11.155237064992404,0,0.4927918878451682,0.15887968051968646,Conditional on finite logits; always report finite coverage alongside these metrics
legacy_B_seed43,brightness,1000,1000,0,1.0,59.199999999999996,59.199999999999996,0,58.86309767405123,0.5924070936128121,1.5426973624333862,16.45218425691571,10.417612887329382,13.91026827524727,0,0.5932921909440766,0.19451492940156592,Conditional on finite logits; always report finite coverage alongside these metrics
legacy_E_seed43,clean,10000,9992,8,0.9992,42.74,42.78,4,42.74,0.4199193772665609,6.515375913954733e+26,6.510163612731894e+30,4.58948614457032,7.7495723276376935,2,0.7040371928506403,0.03292798801798752,Conditional on finite logits; always report finite coverage alongside these metrics
legacy_E_seed43,noise,1000,1000,0,1.0,42.0,42.0,0,41.590582593636654,0.4079816304443421,4.478178554701719e+29,4.478178554701719e+32,4.779749922051306,4.478178554595824e+29,1,0.7071073315053013,0.03775289793067068,Conditional on finite logits; always report finite coverage alongside these metrics
legacy_E_seed43,brightness,1000,1000,0,1.0,39.0,39.0,0,38.09480933540102,0.36726223683078585,1.7152533995550876,6.509403761542952,4.247855589254845,5.64069844556157,0,0.7500874657358255,0.06923995310112627,Conditional on finite logits; always report finite coverage alongside these metrics
legacy_F_seed43,clean,10000,9850,150,0.985,10.040000000000001,10.75,71,10.039999999999997,0.02067876857682583,2.705719024683201e+20,2.4731014391698694e+24,2.321210508098531,45280.92971728227,11,0.9005540176996422,0.0020186780720273293,Conditional on finite logits; always report finite coverage alongside these metrics
legacy_F_seed43,noise,1000,984,16,0.984,11.1,11.899999999999999,8,9.910714285714286,0.020311070448307413,3.9642819560011575e+21,3.900853444705139e+24,2.32121050536396,6.631450856019313e+22,1,0.9011146296899033,0.012096849096542158,Conditional on finite logits; always report finite coverage alongside these metrics
legacy_F_seed43,brightness,1000,1000,0,1.0,11.200000000000001,11.200000000000001,0,10.0,0.02014388489208633,2.302378925221587,2.321210492049415,2.3212104887191125,2.321210492049415,0,0.8999580812481693,0.010179258214633835,Conditional on finite logits; always report finite coverage alongside these metrics
power_P_seed44,clean,10000,10000,0,1.0,78.24,78.24,0,78.24,0.7818884651462228,1.2066972485059553,19.98263855899552,13.101726179817309,17.85529537014227,0,0.36494572646011164,0.1574840252182403,Conditional on finite logits; always report finite coverage alongside these metrics
power_P_seed44,noise,1000,1000,0,1.0,74.2,74.2,0,73.96559170042498,0.7385379787445672,1.3976691432818202,15.875560673370948,13.0178019226247,14.938728624862383,0,0.4246381886921685,0.18358628595875437,Conditional on finite logits; always report finite coverage alongside these metrics
power_P_seed44,brightness,1000,1000,0,1.0,69.6,69.6,0,69.56240986365036,0.699050241533753,1.7155277220688632,21.014134814099542,14.500628577560366,20.272505171282436,0,0.5100334175684519,0.22671886308123324,Conditional on finite logits; always report finite coverage alongside these metrics
power_Q_seed44,clean,10000,10000,0,1.0,80.39,80.39,0,80.39,0.8031535238074561,0.9462329655617028,28.03676989398441,12.074834686960987,17.289865972682506,0,0.3176855809515352,0.12805231348117563,Conditional on finite logits; always report finite coverage alongside these metrics
power_Q_seed44,noise,1000,1000,0,1.0,79.2,79.2,0,78.94612170184928,0.7902367838177906,1.0695592353124501,22.244310235396863,12.937862818841266,16.570804334507617,0,0.35113843937696426,0.13532629052535072,Conditional on finite logits; always report finite coverage alongside these metrics
power_Q_seed44,brightness,1000,1000,0,1.0,73.7,73.7,0,73.46710336014549,0.7380774259857918,1.337825118150508,19.729523632275043,14.283409728786255,17.355084733326795,0,0.43224962953136636,0.18207733339757182,Conditional on finite logits; always report finite coverage alongside these metrics
legacy_B_seed44,clean,10000,10000,0,1.0,68.12,68.12,0,68.12,0.6794251412986897,1.0138406087920955,14.717492573639483,7.374564310188647,10.355005953622157,0,0.45220052592345417,0.10720315198800998,Conditional on finite logits; always report finite coverage alongside these metrics
legacy_B_seed44,noise,1000,1000,0,1.0,66.2,66.2,0,65.96828267017698,0.6568470082593347,1.0801706617610893,9.904480939544149,8.362484245630514,9.053096727794676,0,0.4802313377838119,0.12287522281768873,Conditional on finite logits; always report finite coverage alongside these metrics
legacy_B_seed44,brightness,1000,1000,0,1.0,59.199999999999996,59.199999999999996,0,59.07214135421,0.5927756117914121,1.3487054231994464,12.581986659866123,8.462330610454163,11.457952189474055,0,0.5718245584303903,0.15252728213938832,Conditional on finite logits; always report finite coverage alongside these metrics
legacy_E_seed44,clean,10000,9993,7,0.9993,35.56,35.589999999999996,3,35.56,0.33672232953350434,87.89631288368264,860598.875,4.981525661738128,7.469554824159711,1,0.7693680387372996,0.014431393144035331,Conditional on finite logits; always report finite coverage alongside these metrics
legacy_E_seed44,noise,1000,998,2,0.998,36.0,36.1,1,35.88381521190806,0.34128406935774025,1.7630384206421257,6.716119042286893,4.72269464410802,6.692434233525397,0,0.7701225644894849,0.06029590809201222,Conditional on finite logits; always report finite coverage alongside these metrics
legacy_E_seed44,brightness,1000,1000,0,1.0,30.7,30.7,0,30.816479014780647,0.2725079807301166,1.8138826987034495,5.201780554307522,4.271173957841942,4.783068313138815,0,0.7879486832063888,0.03519655027314413,Conditional on finite logits; always report finite coverage alongside these metrics
legacy_F_seed44,clean,10000,9998,2,0.9998,36.32,36.34,2,36.32,0.3507339030687155,1.5403736048109938e+16,1.5400655300900317e+20,4.9916938048749,8.473574191632231,2,0.7506397160263604,0.010487493512295642,Conditional on finite logits; always report finite coverage alongside these metrics
legacy_F_seed44,noise,1000,1000,0,1.0,37.5,37.5,0,37.6224613081643,0.3606877549706893,54840481810.06315,54840481808384.0,4.975902608805481,54840481815.51744,1,0.7511711805890791,0.043823795796318614,Conditional on finite logits; always report finite coverage alongside these metrics
legacy_F_seed44,brightness,1000,1000,0,1.0,28.199999999999996,28.199999999999996,0,28.700272240003265,0.25637093649905524,1.9224495807135649,8.139952538212881,5.137040220305528,6.286550595701852,0,0.8121190144451544,0.03313564039395049,Conditional on finite logits; always report finite coverage alongside these metrics
