operation,profile,path,trials,distinct_configurations,p_minus_o_median,p_minus_o_maximum,c_minus_p_median,c_minus_p_maximum,c_minus_o_median,c_minus_o_maximum,approximation_dominates_fraction,triangle_inequality_failures,median_server_seconds
gelu,accurate,converted,12,6,0.12468912139192002,0.23065579600997707,7.665169035615121e-05,0.00018351160923694987,0.1246960379670446,0.2306653408031902,1.0,0,3.2341178690548986
gelu,accurate,source,12,6,0.12468881356165196,0.23065167209394213,8.689174582378334e-05,0.00017001118505621804,0.12469466800452975,0.23066513380601186,1.0,0,3.2213457855395973
gelu,budget,converted,6,3,0.6375338364443072,0.6867101048157683,0.0002794229993354769,0.00028970645810133533,0.6375318990239563,0.686706588493767,1.0,0,1.3194319955073297
gelu,budget,source,12,6,0.46599595544464567,0.6867139882412069,0.00023987781049639167,0.00025127513742084773,0.466007814895822,0.6867147334702052,1.0,0,1.3067031118553132
ln_inverse_sqrt,accurate,converted,12,6,0.0031843323282783886,0.030318976946779597,0.00018555054269067672,0.0009580686582212339,0.0030363582180175375,0.029404733116905224,1.0,0,3.2342500898521394
ln_inverse_sqrt,accurate,source,12,6,0.0026261967853679347,0.028425534385953133,0.00016591291867948388,0.0009113263567521734,0.002712278665461587,0.027519245786449598,1.0,0,3.226241554832086
ln_inverse_sqrt,budget,converted,6,3,0.05988702992175021,0.0618991649194518,0.0009321613362729408,0.0009505952870387802,0.05896790003423691,0.060961315271611305,1.0,0,1.3081581525038928
ln_inverse_sqrt,budget,source,12,6,0.059891987615801195,0.06956253682751579,0.0004905119260283919,0.0009483039424340589,0.059510547082059884,0.06972319990863884,1.0,0,1.3004278168082237
softmax_row,accurate,converted,12,6,0.023160287213937477,0.07760719633359003,1.16597850217115e-05,1.675923604145535e-05,0.023151664258968287,0.0775949295603384,1.0,0,95.8950815165881
softmax_row,accurate,source,12,6,0.02317073008325087,0.07760345752403161,1.2201880301414975e-05,3.251899652934043e-05,0.023162108987589827,0.07759173323004316,1.0,0,94.8088743633125
softmax_row,budget,converted,6,3,0.07652553590295047,0.13203984491258905,8.376614532991811e-06,0.00013082387924531758,0.07650368338316282,0.13203532859411524,1.0,0,51.202511868905276
softmax_row,budget,source,12,6,0.0752470704958979,0.21544602683079783,8.491283744005082e-05,0.00013426334932149786,0.07521167671788581,0.215391983220845,1.0,0,50.85752583434805
