name,family,arm,seed,accuracy,balanced_accuracy,macro_f1,invalid_images,finite_coverage,conditional_nll,conditional_ece,conditional_brier,negative_attention_fraction,maximum_block_mean_abs_row_mass,maximum_attention_branch_relative_rms,maximum_mlp_branch_relative_rms,maximum_residual_rms,maximum_abs_score,maximum_abs_finite_logit,batch1_p50_ms,batch128_p50_ms,batch128_peak_allocated_mib,batch128_peak_reserved_mib,parameter_count
legacy_bn_seed42,baseline,legacy_bn,42,81.69999999999999,81.59758251162378,0.8160552386596871,0,1.0,1.0517122900823812,0.12803038510050993,0.31056857594985393,0.0,1.0000000000695322,0.5546247021156382,3.513937242615134,3.087245617859361,79.55559539794922,50.55819320678711,1.5877101104706526,10.448747081682086,166.2978515625,410.0,2693578
legacy_bn_seed43,baseline,legacy_bn,43,80.64,80.53228506262859,0.8052447979256925,0,1.0,1.1608326463660585,0.1435147089772334,0.3294235229773277,0.0,1.0000000000120433,0.5146168994250668,3.4935421406767997,2.9766630732764527,88.40242767333984,48.63189697265625,1.6538409981876612,10.446877917274833,166.2978515625,410.0,2693578
legacy_bn_seed44,baseline,legacy_bn,44,81.89999999999999,81.80647400776266,0.8186431316123605,0,1.0,1.0765749475538782,0.13119241345621332,0.31059279918331456,0.0,1.000000000052296,0.5135615435001958,3.541339824684215,2.979261840033985,81.93783569335938,51.35647964477539,1.550621585920453,10.448307497426867,166.2978515625,410.0,2693578
legacy_ln_seed42,baseline,legacy_ln,42,77.3,77.18208885555245,0.7722412356833606,0,1.0,1.3118228765633801,0.16546948804511102,0.38616905408423136,0.0,1.0000000000432407,0.7378716286205499,2.819256026952919,1.7137126579075588,10.239811897277832,19.155986785888672,1.2913397513329983,8.905635913833976,166.35986328125,390.0,2693578
legacy_ln_seed43,baseline,legacy_ln,43,77.12,76.99247004296141,0.7707131785408903,0,1.0,1.3506859566936178,0.16815549577488037,0.3903024921676347,0.0,1.0000000012847419,2.5659843461934027,2.702378971591208,1.764627374567872,35.532798767089844,19.2626895904541,1.277971314266324,8.885646238923073,166.35986328125,390.0,2693578
legacy_ln_seed44,baseline,legacy_ln,44,75.98,75.85397544112605,0.7581150149864917,0,1.0,1.4317521390667343,0.17889913888437892,0.41192638352448574,0.0,1.0000000015936439,2.474991891739932,2.3718393651743512,1.8179037261587871,36.3685417175293,18.56365966796875,1.3281714636832476,8.883515140041709,166.35986328125,390.0,2693578
regularized_bn_seed42,baseline,regularized_bn,42,87.64,87.57045523093089,0.8760182268736703,0,1.0,0.4372726649662842,0.04862503405605227,0.18806640269754202,0.0,1.0000000000536937,0.4195968547651405,4.840446829331754,4.131082645568606,50.83315658569336,5.9812541007995605,1.6147361602634192,10.432284558191895,166.2978515625,410.0,2693578
regularized_bn_seed43,baseline,regularized_bn,43,87.22,87.14593305583034,0.8718548117233962,0,1.0,0.4419356823856437,0.05254178208372875,0.1929234982406708,0.0,1.0000000000487612,0.46521019933778074,4.893173913891287,4.411657712900499,30.265575408935547,5.902442455291748,1.5140017494559288,10.423302417621017,166.2978515625,410.0,2693578
regularized_bn_seed44,baseline,regularized_bn,44,87.8,87.74139962160949,0.8778199810924017,0,1.0,0.42848777238719793,0.04537056670432821,0.18465994350724738,0.0,1.0000000001010958,0.40550339619650105,4.766193021958336,4.186777062376161,45.87760543823242,6.007779598236084,1.526168780401349,10.42507216334343,166.2978515625,410.0,2693578
regularized_ln_seed42,baseline,regularized_ln,42,86.04,85.97668348720426,0.8602386886059836,0,1.0,0.49285613375838366,0.06167510383967124,0.20982941477844178,0.0,1.0000000000361773,0.5133385300494103,6.0563302148159694,3.624127778951495,11.129050254821777,4.627904891967773,1.2518847361207008,8.877114858478308,166.35986328125,390.0,2693578
regularized_ln_seed43,baseline,regularized_ln,43,86.94,86.88188183420074,0.8689188258563039,0,1.0,0.4663908747961079,0.05556401907013955,0.19732262958384036,0.0,1.0000000000550497,0.5091747154505619,5.921020683258533,3.4227745076642875,11.40672779083252,4.756011962890625,1.2958873994648457,8.879885077476501,166.35986328125,390.0,2693578
regularized_ln_seed44,baseline,regularized_ln,44,87.14,87.08301704187254,0.8712414907058605,0,1.0,0.46280014849888956,0.057847860891745456,0.19546386648359906,0.0,1.0000000000186486,0.5360972109507187,6.231330397552944,3.711093952253648,13.346449851989746,4.731912612915039,1.212851144373417,8.887236937880516,166.35986328125,390.0,2693578
legacy_0_seed42,factorial,0,42,78.16,78.05477718991673,0.7809805781160334,0,1.0,1.206507068537136,0.15877999828098335,0.3661799511776071,0.0,1.000000000054515,0.709769640085922,2.915788636860973,1.6941288271160622,9.19677448272705,19.164426803588867,1.1797572951763868,8.893452351912856,141.8896484375,374.0,2693578
legacy_0_seed43,factorial,0,43,77.58,77.47294608270833,0.7749279113849185,0,1.0,1.2610183690530645,0.16082512973177152,0.3758987890542304,0.0,1.000000001656112,2.438131297274309,2.704187826904273,1.8431467379084723,36.128135681152344,19.445026397705078,1.1690789833664894,8.882398484274745,141.8896484375,374.0,2693578
legacy_0_seed44,factorial,0,44,76.8,76.6964664393251,0.7668448532357515,0,1.0,1.2870503794507382,0.1682202206516479,0.391359724853861,0.0,1.0000000003062728,1.2409337776298688,2.149095145563341,1.6924175439277531,22.75965690612793,19.655872344970703,1.2636769097298384,8.884531911462545,141.8896484375,374.0,2693578
legacy_0_seed45,factorial,0,45,78.72,78.6168482274174,0.7866486230560827,0,1.0,1.2796461438298865,0.15711089294666705,0.3664247599201656,0.0,1.0000000000481146,0.7134668661115942,3.672359211153213,1.981618895176766,9.358330726623535,20.009204864501953,1.164315501227975,8.882621070370078,141.8896484375,374.0,2693578
legacy_0_seed46,factorial,0,46,76.42,76.29340614658898,0.7632537388974691,0,1.0,1.2762567422476647,0.16575755422422173,0.39174821179953423,0.0,1.0000000000534779,1.0167007531713947,2.5654276407684025,1.6292893337043128,13.811186790466309,19.082317352294922,1.1889853049069643,8.897833526134491,141.8896484375,374.0,2693578
legacy_A_seed42,factorial,A,42,76.2,76.07972035859638,0.76070481107932,0,1.0,1.3681650638968048,0.1726129519538444,0.4019951974875802,0.0,1.0000000016017394,3.2374623799719666,2.8229796169126997,2.823470672102595,39.47856903076172,19.80337905883789,1.3190035242587328,10.795039124786854,190.6484375,496.0,2693596
legacy_A_seed43,factorial,A,43,77.02,76.89425213332993,0.7683265622819248,0,1.0,1.2206203586199733,0.16131695982319644,0.3864243705532757,0.0,1.0000000017500439,3.7221003266642985,3.0253282128112597,2.9878651926313373,39.2609977722168,20.037616729736328,1.3205709401518106,10.787301696836948,190.6484375,496.0,2693596
legacy_A_seed44,factorial,A,44,76.68,76.56382306196889,0.7659986872550628,0,1.0,1.3382034984939795,0.1685875150196025,0.3938321333612268,0.0,1.0000000016108874,3.5510755385821624,2.566187671924662,2.914151371739265,36.89498519897461,19.022777557373047,1.2864568270742893,10.799392824992537,190.6484375,496.0,2693596
legacy_A_seed45,factorial,A,45,77.2,77.05738584443715,0.7708196395580715,0,1.0,1.3347762899525628,0.16697985545922048,0.38764096806625337,0.0,1.0000000016860564,3.844440465871437,2.901714375841588,3.1015795997453863,44.23843002319336,20.192079544067383,1.3568154536187649,10.78819646500051,190.6484375,496.0,2693596
legacy_A_seed46,factorial,A,46,73.66,73.54627044187791,0.7366246764476039,0,1.0,1.4741222616405454,0.1864937513708691,0.44444976820979143,0.0,1.0000000002684417,2.5195544346821968,2.228894114207783,2.3786841199542033,20.970918655395508,18.739028930664062,1.3861034531146288,10.799380717799067,190.6484375,496.0,2693596
legacy_B_seed42,factorial,B,42,70.32000000000001,70.19508776822863,0.7037151799235971,0,1.0,0.9886119458024101,0.10743869812596585,0.4275842062064089,0.3213144089414859,15.015135655929386,59.218946265536026,16.07869823061016,18.588499117426686,20.913021087646484,15.75245475769043,1.3197625521570444,9.190942160785198,141.8984375,368.0,2693596
legacy_B_seed43,factorial,B,43,69.28,69.12019966166197,0.6909224199507762,0,1.0,1.0834522198286285,0.12757718585331998,0.4550931309648837,0.33261930046022353,15.269599805116245,61.91954880515696,10.329277429351192,20.778940643295524,18.684219360351562,16.250343322753906,1.320041948929429,9.215113474056125,141.8984375,368.0,2693596
legacy_B_seed44,factorial,B,44,68.88,68.71843909591479,0.6861554014279789,0,1.0,1.0038905022708067,0.09885122889966794,0.4437842679889138,0.381947392504931,15.110102544485631,60.9916205352738,9.951527495573165,19.866710852459217,16.39391326904297,15.130199432373047,1.3291151262819767,9.189073462039232,141.8984375,368.0,2693596
legacy_B_seed45,factorial,B,45,71.64,71.50140940177077,0.7150729718861489,0,1.0,0.9528110778654804,0.09455476319277288,0.4147428826511517,0.34552007100591714,19.80913360726443,81.70512252681883,20.65524363574431,25.91675447078083,21.539785385131836,15.356108665466309,1.3515765313059092,9.18968883343041,141.8984375,368.0,2693596
legacy_B_seed46,factorial,B,46,69.66,69.51872214205264,0.6956571052958923,0,1.0,1.031802717698941,0.12282064666825576,0.4413531552369261,0.2993914003944773,13.356427862122157,51.12155439721713,11.032907358851737,16.648135584151884,13.852750778198242,15.653225898742676,1.3167590368539095,9.192719357088208,141.8984375,368.0,2693596
legacy_C_seed42,factorial,C,42,81.22,81.11222301625304,0.8115674313599396,0,1.0,0.9558558867277721,0.1274612448761983,0.31320081931135973,0.0,1.0000000000519842,0.4561323404518882,3.6056133351784343,2.9309545158368597,147.66525268554688,33.70326232910156,1.540944678708911,10.449280496686697,141.9228515625,372.0,2693578
legacy_C_seed43,factorial,C,43,81.92,81.82427990551598,0.8186567901222188,0,1.0,0.9457243029167812,0.12056496362192054,0.3035018879596736,0.0,1.0000000000086777,0.5474066158796717,3.8155464530345453,3.187323608940343,148.9418487548828,35.637001037597656,1.471892697736621,10.453353635966778,141.9228515625,372.0,2693578
legacy_C_seed44,factorial,C,44,80.76,80.65780225409766,0.8065748089640514,0,1.0,0.9877552376206732,0.1274948066026577,0.31876901169982635,0.0,1.0000000000422522,0.4491934689607597,3.5843856293356713,2.9108627063507253,105.77507781982422,29.91611099243164,1.4642514288425446,10.458482662215829,141.9228515625,372.0,2693578
legacy_C_seed45,factorial,C,45,81.72,81.63392046488542,0.8164914849562155,0,1.0,0.9833178340399911,0.12379075425791,0.307091310758336,0.0,1.0000000003094487,0.48394628974908244,3.4622529270773303,2.9426259800091716,112.63031768798828,32.9264030456543,1.5476855915039778,10.447068838402629,141.9228515625,372.0,2693578
legacy_C_seed46,factorial,C,46,82.08,81.98546908017867,0.8201926674427338,0,1.0,0.8900565467691478,0.11659096581223206,0.3019631653881347,0.0,1.0000000001107174,0.4753327003825307,3.659280559368045,2.8148223790267157,125.62638092041016,28.44377326965332,1.5059360302984715,10.449700988829136,141.9228515625,372.0,2693578
legacy_D_seed42,factorial,D,42,69.98,69.84805846318783,0.6993041545055185,0,1.0,1.080844717087332,0.13382475192193188,0.445829737289333,0.32164209072978306,18.96498655409241,78.1718246434994,18.08449654484513,29.762658449147175,13.973097801208496,16.628250122070312,1.4351431746035814,11.115897912532091,190.6572265625,490.0,2693614
legacy_D_seed43,factorial,D,43,70.02000000000001,69.85751654372908,0.6985779602731546,0,1.0,0.9501908207646302,0.08961969670166121,0.42793401179088686,0.32595219723865876,32.818612457566445,155.79219711715143,27.602877829200242,51.54694017246172,17.47121238708496,15.003886222839355,1.4977629762142897,11.116987559944391,190.6572265625,490.0,2693614
legacy_D_seed44,factorial,D,44,69.3,69.13092088989127,0.6911950972236305,0,1.0,0.9367809797236317,0.07087364115520499,0.4289534830192737,0.3372313977646285,32.538022864586445,145.69808623171468,25.312661686219105,60.80250292762802,27.841279983520508,13.279136657714844,1.4550727792084217,11.114205932244658,190.6572265625,490.0,2693614
legacy_D_seed45,factorial,D,45,73.34,73.18746932615664,0.7314613781046317,0,1.0,0.8795886947172774,0.09870872730513527,0.3909483960509048,0.32632991715976334,24.883754736236614,118.258989578326,29.872922386904033,42.430994772041245,18.993465423583984,15.929403305053711,1.4537717215716839,11.109600309282541,190.6572265625,490.0,2693614
legacy_D_seed46,factorial,D,46,71.52,71.36178087745891,0.7137981463905837,0,1.0,0.9538969484479741,0.10559626049612099,0.41649503175510844,0.26921957133464824,21.678980486174222,91.8211899393762,19.724338435991566,34.02844104974884,17.64643096923828,15.563631057739258,1.4721930492669344,11.116168461740017,190.6572265625,490.0,2693614
legacy_E_seed42,factorial,E,42,44.2,44.02675791451458,0.43541469370092456,9,0.9982,1.5539137473824538,0.031067851336141462,0.6957032792389679,0.3212428399480537,5.842635995125756e+33,1.3009966136873904e+24,2.653084160195448e+29,6.635231840101998e+35,4.104547682069308e+37,17.07447052001953,1.7447199206799269,12.641065521165729,190.6904296875,488.0,2693614
legacy_E_seed43,factorial,E,43,43.08,42.91101159745005,0.42154407834359287,5,0.999,527609774.75810283,0.041665101412382666,0.7067828172688388,0.5141905055781113,6.230271484155757e+18,1.2056105522418675e+17,3258605861409363.0,3.7212740967215206e+22,4.2517158320329242e+37,4348327231488.0,1.7879311926662922,12.640393804758787,190.6904296875,488.0,2693614
legacy_E_seed44,factorial,E,44,34.28,34.19818587145046,0.3224657179051893,3,0.9994,1.775570265685217,0.02259754329225221,0.7721183085226002,0.3018859319729543,5.093494910682929e+32,7.613891754094723e+24,2.9580525227201047e+25,4.700112565603441e+34,4.20970310231004e+37,15.910654067993164,1.7308630049228668,12.653812998905778,190.6904296875,488.0,2693614
legacy_E_seed45,factorial,E,45,10.14,9.863813229571985,0.018680913780397938,84,0.9832,2.5518633403267343,0.0006155807081079096,0.9004248121980498,0.07646558860068599,4.522511542358933e+34,3.166304750759556e+28,3.972914452587091e+28,8.056484506415668e+35,4.253019483910199e+37,3845.54443359375,1.7399273347109556,12.65632244758308,190.6904296875,488.0,2693614
legacy_E_seed46,factorial,E,46,11.3,11.669254382111172,0.04397574732908091,2,0.9996,2049.2193148963756,0.01643759116580456,0.9041319409776281,0.02509989802188849,7.855609099495768e+29,692167644349472.1,2.071191926362467e+24,6.461157125641329e+34,4.082631270841962e+37,5174567.5,1.7441005911678076,12.64281407929957,190.6904296875,488.0,2693614
legacy_F_seed42,factorial,F,42,53.12,52.983619149232794,0.5269204435855983,6,0.9988,1.2851224956681793,0.028544063976603064,0.5956074706834092,0.41685741272468846,1.2377491246390821e+34,1.193736649793979e+19,2.262463298215886e+18,1.42653213180772e+28,4.2192137777033125e+37,10.58596420288086,1.5988035593181849,10.759015567600727,142.1220703125,366.0,2693596
legacy_F_seed43,factorial,F,43,10.34,10.064720095393497,0.022212717381302906,62,0.9876,124048899616617.66,0.003401438092453477,0.9004704832178755,0.04591386490581165,7.399879688664755e+34,2.2006257430423664e+26,1.7024327974897818e+16,8.239834327583346e+35,4.2518887395747954e+37,4.473784995193815e+17,1.5809088945388794,10.728235822170973,142.1220703125,366.0,2693596
legacy_F_seed44,factorial,F,44,36.02,35.825513234065994,0.34501674952088834,1,0.9998,1.7006852083236959,0.00942788369659552,0.7520197988010576,0.5341208440852007,5.050536419391368e+18,4.735380128942427e+16,2845386245.38228,1.9539084783019862e+27,4.13399647316321e+37,9.046082496643066,1.6069842968136072,10.752775939181447,142.1220703125,366.0,2693596
legacy_F_seed45,factorial,F,45,55.64,55.5039101530085,0.5513358631443683,2,0.9996,33.389488574989386,0.029031590227835663,0.5722371137863018,0.5425488556056266,1.0250670397809498e+33,1.7238579026043297e+18,3.554855944546448e+17,3.475086206533231e+27,3.5055941823168716e+37,7.858422770420996e+27,1.6064096707850695,10.759386932477355,142.1220703125,366.0,2693596
legacy_F_seed46,factorial,F,46,56.8,56.64080565490595,0.5648876180776805,6,0.9988,3.398274129525573e+19,0.033148396601730995,0.5615028794038797,0.4628322172558507,2.817746425342661e+34,8.516364298378693e+26,2.4769831075042485e+26,3.438179228585325e+35,4.240133562028759e+37,1.5671631387643405e+23,1.586281694471836,10.73629199527204,142.1220703125,366.0,2693596
legacy_G_seed42,factorial,G,42,79.64,79.53390185777535,0.795932465500737,0,1.0,602487102.8217463,0.12111619462149348,0.323472522488444,0.0,1.0000000002721572,0.5327940744007147,5357.14521842325,16427216335.21758,13173245607936.0,1561669271552.0,1.6019099857658148,12.352640507742763,190.58642578125,494.0,2693596
legacy_G_seed43,factorial,G,43,79.84,79.72115487249557,0.7971193128731555,0,1.0,15432847.11272887,0.11626980995247105,0.3173789362717435,0.0,1.0000000002725924,0.5837441394561701,2414.2791971163297,1921985303.9793334,657863737344.0,218947272704.0,1.5993565320968628,12.367155635729432,190.58642578125,494.0,2693596
legacy_G_seed44,factorial,G,44,79.47999999999999,79.37147440424377,0.7939920316122824,0,1.0,21650381525.16628,0.12847119445068578,0.334965355410016,0.0,1.000000000043195,0.4828185073631784,50524.981780078815,1884865773570.9902,2716960072663040.0,218168970706944.0,1.6067088581621647,12.34501856379211,190.58642578125,494.0,2693596
legacy_G_seed45,factorial,G,45,80.34,80.24363891943707,0.8017661560599965,0,1.0,18054269.322198752,0.10712121351006701,0.30989160884998396,0.0,1.0000000001115017,0.449322748012307,9322.702658675396,1103990063.929368,237725925376.0,72941649920.0,1.5853082295507193,12.335656210780144,190.58642578125,494.0,2693596
legacy_G_seed46,factorial,G,46,80.5,80.3958968023602,0.8038482414528254,0,1.0,89472935.93855932,0.1034080198731385,0.30362353988968627,0.0,1.0000000000613403,0.7016259222372909,3507.634735955706,6435404866.29549,7191978835968.0,376036720640.0,1.6271956264972687,12.336033396422863,190.58642578125,494.0,2693596
legacy_teacher_seed42,factorial,teacher,42,77.3,77.18208885555245,0.7722412356833606,0,1.0,1.3118228765633801,0.16546948804511102,0.38616905408423136,0.0,1.0000000000432407,0.7378716286205499,2.819256026952919,1.7137126579075588,10.239811897277832,19.155986785888672,1.1918460950255394,8.893640479072928,141.8896484375,374.0,2693578
legacy_teacher_seed43,factorial,teacher,43,77.12,76.99247004296141,0.7707131785408903,0,1.0,1.3506859566936178,0.16815549577488037,0.3903024921676347,0.0,1.0000000012847419,2.5659843461934027,2.702378971591208,1.764627374567872,35.532798767089844,19.2626895904541,1.1799719650298357,8.900006767362356,141.8896484375,374.0,2693578
legacy_teacher_seed44,factorial,teacher,44,75.98,75.85397544112605,0.7581150149864917,0,1.0,1.4317521390667343,0.17889913888437892,0.41192638352448574,0.0,1.0000000015936439,2.474991891739932,2.3718393651743512,1.8179037261587871,36.3685417175293,18.56365966796875,1.1891399044543505,8.896596962586045,141.8896484375,374.0,2693578
legacy_teacher_seed45,factorial,teacher,45,78.46,78.34520966826844,0.7837523079849955,0,1.0,1.3296236780743147,0.1613583119106753,0.37001705334504903,0.0,1.000000000085812,0.6946898288239091,3.3621318214665563,1.8737851691689245,10.368374824523926,19.2366943359375,1.1837189085781574,8.885939372703433,141.8896484375,374.0,2693578
legacy_teacher_seed46,factorial,teacher,46,75.78,75.66121792170952,0.7572274661356512,0,1.0,1.3711098629126508,0.17140077527041414,0.4094982229388897,0.0,1.0000000000519345,0.9590249212431196,2.6566824131811195,1.6352938230857503,12.350001335144043,18.63547706604004,1.2155845761299133,8.886798052117229,141.8896484375,374.0,2693578
power_P_seed42,power,P,42,78.66,78.54160732620385,0.7854487981653784,0,1.0,1.1833670573343709,0.15323914914772654,0.36259151993199273,0.0,1.000000000072783,0.6306450398876877,3.7910255753657185,2.418145598026052,82.12733459472656,20.23116683959961,1.8540439195930958,9.629044448956847,141.9013671875,364.0,2693590
power_P_seed43,power,P,43,79.22,79.1116877442963,0.7916163682332727,0,1.0,1.0663761429807925,0.1424342223409024,0.34568154931515294,0.0,1.0000000000802507,0.5663665506632165,5.022429775360633,2.729288961643913,102.04156494140625,19.23323631286621,1.8119970336556435,9.607727406546474,141.9013671875,364.0,2693590
power_P_seed44,power,P,44,78.62,78.49820813443765,0.7852122447051838,0,1.0,1.208744309305289,0.1536727597302187,0.3643932233434671,0.0,1.0000000000212799,0.5752959944183541,5.422669163590116,2.738834760178801,122.32858276367188,19.865432739257812,1.827195519581437,9.6397262532264,141.9013671875,364.0,2693590
power_P_seed45,power,P,45,79.72,79.61044699405686,0.7960852216125656,0,1.0,0.9942001057605223,0.13589718861763606,0.336367483686406,0.0,1.0000000000658928,0.5850780226685569,4.47547765989663,2.366434762126462,37.40690231323242,16.778512954711914,1.8195093143731356,9.60921123623848,141.9013671875,364.0,2693590
power_P_seed46,power,P,46,78.3,78.2234847803482,0.7819563422646734,0,1.0,1.048090898538406,0.13993002402697818,0.354151025842002,0.0,1.0000000000459515,0.6527801885590604,5.536971990212995,2.9337069110655234,103.1305923461914,19.49847984313965,1.9609471783041954,9.642057120800018,141.9013671875,364.0,2693590
power_Q_seed42,power,Q,42,80.08,79.97290453133617,0.7994181811494172,0,1.0,1.0462339582853206,0.13686765755086458,0.3324634645331676,0.0,1.0000000000532003,0.6256457255249381,4.126739551180347,3.083714062636798,156.7032470703125,33.025970458984375,2.1737299393862486,11.194375809282064,142.125,364.0,2693590
power_Q_seed43,power,Q,43,81.44,81.34049350639458,0.8142292448689273,0,1.0,0.6376120220899191,0.07962426077804294,0.27967532139887835,0.0,1.0000000000331333,0.6284517636669773,6.228770551544158,6.092235151199401,206.84475708007812,32.412025451660156,2.2294039372354746,11.190720833837986,142.125,364.0,2693590
power_Q_seed44,power,Q,44,80.24,80.15172580995642,0.8012104270029822,0,1.0,0.9473077733412097,0.13009093772714792,0.3234401188361587,0.0,1.000000000024877,0.5381477003150633,4.537482201853718,3.556571061902816,295.8652648925781,58.91307067871094,2.1623619832098484,11.17894472554326,142.125,364.0,2693590
power_Q_seed45,power,Q,45,81.12,81.01810587271906,0.8095456012652535,0,1.0,0.8684207361439041,0.11991464490646313,0.3093250299246868,0.0,1.000000000010257,0.6396959197027987,4.318527767861933,3.49322347459382,235.92486572265625,24.173969268798828,2.2483172360807657,11.168969562277198,142.125,364.0,2693590
power_Q_seed46,power,Q,46,81.3,81.21415987467971,0.8121641081183084,0,1.0,0.8748518278105916,0.11860723092050587,0.30280179200870955,0.0,1.0000000000110645,0.5943500326733234,4.171953397512146,3.4419386237034293,187.71070861816406,29.057640075683594,2.1823204588145018,11.185948736965656,142.125,364.0,2693590
